id,first_name,last_name,email,gender,ip_address,app_name,race
1,Averil,Whiten,awhiten0@wordpress.com,Polygender,137.54.81.251,Zathin,Spaniard
2,Ermentrude,Hasson,ehasson1@yahoo.com,Male,112.131.240.100,Domainer,Panamanian
3,Kathi,Yakobovicz,kyakobovicz2@gov.uk,Male,151.187.9.173,Bamity,Tohono O'Odham
4,Harrison,Winmill,hwinmill3@printfriendly.com,Agender,2.229.107.130,Holdlamis,Paiute
5,Chris,Stagge,cstagge4@imdb.com,Polygender,161.212.80.55,,
6,Ronna,Asche,rasche5@house.gov,Genderfluid,220.168.107.229,Konklab,Tlingit-Haida
7,Klaus,Klemke,kklemke6@dion.ne.jp,Genderfluid,103.243.141.213,Temp,Polynesian
8,Teddie,Rourke,trourke7@ifeng.com,Male,160.99.144.170,,
9,Granville,Ollington,gollington8@dmoz.org,Non-binary,21.191.117.102,Rank,Eskimo
10,Leeanne,Batch,lbatch9@flavors.me,Genderqueer,36.202.0.229,Domainer,Costa Rican
11,Shandra,Summerskill,ssummerskilla@odnoklassniki.ru,Male,246.138.115.181,Cardguard,Choctaw
12,Thibaud,Brind,tbrindb@xrea.com,Genderqueer,239.10.112.231,Subin,Cherokee
13,Liana,Buard,lbuardc@nytimes.com,Male,70.88.203.142,Overhold,Blackfeet
14,Durant,Smartman,dsmartmand@people.com.cn,Non-binary,95.148.207.102,Matsoft,Tlingit-Haida
15,Dario,Trim,dtrime@foxnews.com,Male,227.45.7.197,Cookley,Choctaw
16,Brendin,Blaxter,bblaxterf@t-online.de,Genderfluid,16.175.33.48,Ventosanzap,Delaware
17,Lorrin,Core,lcoreg@people.com.cn,Polygender,21.204.252.226,,
18,Hasty,Hazley,hhazleyh@twitter.com,Male,178.53.136.221,,
19,Wittie,Bolland,wbollandi@netscape.com,Bigender,40.255.27.210,Konklab,Yaqui
20,Berton,Caulder,bcaulderj@biblegateway.com,Female,105.126.138.49,Konklux,Lumbee
21,Talbot,Allibone,tallibonek@reference.com,Female,230.144.95.99,Pannier,Puget Sound Salish
22,Yardley,Free,yfreel@msn.com,Bigender,236.54.159.126,Zoolab,Apache
23,Tawsha,Gameson,tgamesonm@sciencedirect.com,Bigender,238.135.81.11,,
24,Donny,Paffitt,dpaffittn@reddit.com,Genderqueer,24.167.187.47,,
25,Xylina,Coppins,xcoppinso@va.gov,Bigender,97.10.172.132,Holdlamis,Melanesian
26,Abagail,Branche,abranchep@squarespace.com,Genderqueer,21.174.106.49,,
27,Sonia,Taffurelli,staffurelliq@parallels.com,Male,56.174.253.197,,
28,Trista,Cicchelli,tcicchellir@utexas.edu,Bigender,74.190.235.179,Vagram,Salvadoran
29,Hanni,Braven,hbravens@cargocollective.com,Genderqueer,244.202.107.206,,
30,Cirilo,Gollard,cgollardt@livejournal.com,Female,25.219.185.143,Matsoft,White
31,Fergus,Tunnow,ftunnowu@last.fm,Genderfluid,56.221.159.71,,
32,Penni,Brenstuhl,pbrenstuhlv@statcounter.com,Non-binary,211.124.248.88,Quo Lux,Micronesian
33,Jacintha,Shipley,jshipleyw@desdev.cn,Bigender,19.178.41.150,Fintone,Black or African American
34,Sloane,Offield,soffieldx@tripadvisor.com,Polygender,205.26.243.45,Flexidy,Navajo
35,Ekaterina,McCurrie,emccurriey@tripadvisor.com,Agender,102.194.212.64,Toughjoyfax,Chippewa
36,Amandie,Sapp,asappz@t-online.de,Non-binary,99.152.170.146,Tempsoft,Japanese
37,Benyamin,Selbie,bselbie10@latimes.com,Non-binary,119.63.69.187,Tempsoft,Fijian
38,Kathi,Eckh,keckh11@nbcnews.com,Agender,56.107.197.223,,
39,Jeannie,Dreus,jdreus12@purevolume.com,Agender,198.167.167.218,,
40,Standford,Weekly,sweekly13@vinaora.com,Non-binary,225.80.218.196,Prodder,American Indian and Alaska Native (AIAN)
41,Abagael,Bassill,abassill14@boston.com,Non-binary,126.160.146.47,Tresom,Blackfeet
42,Eva,Brommage,ebrommage15@livejournal.com,Female,33.135.50.30,Zathin,Latin American Indian
43,Elmore,Brickett,ebrickett16@noaa.gov,Female,148.227.254.135,Cookley,Choctaw
44,Wadsworth,Malenoir,wmalenoir17@amazon.co.uk,Genderqueer,218.216.198.137,Latlux,Osage
45,Almira,Havill,ahavill18@networkadvertising.org,Genderfluid,120.60.199.24,,
46,Bobbee,Cordaroy,bcordaroy19@ox.ac.uk,Genderqueer,235.232.80.247,,
47,Reuven,Dach,rdach1a@google.com.hk,Bigender,136.226.163.15,Home Ing,Peruvian
48,Prudy,Litchfield,plitchfield1b@zimbio.com,Genderqueer,108.147.210.130,Tampflex,Honduran
49,Bern,Gerardot,bgerardot1c@alibaba.com,Genderqueer,250.33.14.157,Keylex,Ute
50,Dotti,Titchmarsh,dtitchmarsh1d@time.com,Female,233.224.38.148,Holdlamis,Chickasaw
51,Coleman,Piotrkowski,cpiotrkowski1e@yolasite.com,Non-binary,194.8.224.21,,
52,Bennie,Casbon,bcasbon1f@github.com,Polygender,14.217.111.255,Vagram,Alaskan Athabascan
53,Bartie,Sille,bsille1g@baidu.com,Agender,229.11.13.83,Lotlux,Tohono O'Odham
54,Edy,Postins,epostins1h@sciencedaily.com,Agender,240.62.20.209,Flexidy,Lumbee
55,Gwendolen,Longford,glongford1i@oracle.com,Genderfluid,165.205.18.24,Transcof,Sioux
56,Meryl,Bree,mbree1j@dropbox.com,Genderfluid,146.85.109.13,,
57,Maud,Knill,mknill1k@ftc.gov,Polygender,95.128.155.142,,
58,Pattin,Liebrecht,pliebrecht1l@imdb.com,Non-binary,6.173.103.219,,
59,Jocko,Valenta,jvalenta1m@dyndns.org,Polygender,77.73.149.216,Stringtough,Melanesian
60,Elysia,McPhee,emcphee1n@youku.com,Female,52.250.115.58,Zaam-Dox,Polynesian
61,Jeannette,Stillmann,jstillmann1o@g.co,Female,135.174.38.101,,
62,Norris,Ilyukhov,nilyukhov1p@wiley.com,Agender,134.88.21.222,Andalax,Alaska Native
63,Leroi,Fleay,lfleay1q@plala.or.jp,Agender,38.17.157.240,,
64,Ruddy,Greason,rgreason1r@wisc.edu,Genderfluid,183.81.233.252,Daltfresh,Asian
65,Timoteo,Grollmann,tgrollmann1s@apache.org,Bigender,215.43.25.131,Redhold,Asian
66,Minnaminnie,Stoodale,mstoodale1t@constantcontact.com,Male,190.248.123.154,Veribet,Micronesian
67,Jean,Blaszczak,jblaszczak1u@baidu.com,Bigender,87.179.181.7,,
68,Clywd,Syrett,csyrett1v@abc.net.au,Non-binary,253.99.19.73,Alpha,Asian
69,Kacey,Jura,kjura1w@feedburner.com,Polygender,171.73.237.229,,
70,Waverley,Veysey,wveysey1x@free.fr,Genderfluid,60.158.122.82,Latlux,Guatemalan
71,Noe,Simakov,nsimakov1y@wp.com,Agender,217.37.126.174,Prodder,Tlingit-Haida
72,Lilly,Crother,lcrother1z@blog.com,Non-binary,112.141.88.97,Flexidy,Thai
73,Margarete,Meddings,mmeddings20@google.com.hk,Non-binary,252.93.194.201,,
74,Buiron,Andrichak,bandrichak21@yahoo.com,Genderfluid,50.179.255.134,,
75,Carlin,Wormell,cwormell22@columbia.edu,Male,73.106.46.33,Sonair,Ute
76,Bebe,Eakley,beakley23@admin.ch,Bigender,230.184.106.156,Tempsoft,Alaskan Athabascan
77,Justin,Calterone,jcalterone24@nyu.edu,Female,16.145.74.49,,
78,Julie,Akett,jakett25@ameblo.jp,Genderqueer,157.116.20.113,Lotstring,Seminole
79,Vivyanne,Weedenburg,vweedenburg26@vimeo.com,Genderqueer,240.117.159.108,Lotlux,Sioux
80,Antonin,Adin,aadin27@zdnet.com,Genderqueer,59.228.221.218,Alphazap,Polynesian
81,Tanhya,Fiddian,tfiddian28@usgs.gov,Bigender,199.92.7.129,,
82,Lon,Harbinson,lharbinson29@soup.io,Genderqueer,210.223.13.4,,
83,Karyl,Burgiss,kburgiss2a@mail.ru,Female,254.30.110.161,,
84,Lannie,Roches,lroches2b@mozilla.org,Female,132.114.240.188,Voyatouch,Chamorro
85,Florina,Ruprechter,fruprechter2c@ed.gov,Male,8.171.78.162,Tempsoft,Cherokee
86,Giordano,Witling,gwitling2d@va.gov,Polygender,134.122.3.61,Solarbreeze,Apache
87,Blinnie,Wavell,bwavell2e@yellowpages.com,Agender,180.80.95.131,,
88,Frederigo,Bigham,fbigham2f@edublogs.org,Non-binary,169.95.211.246,Job,Creek
89,Ted,Inkin,tinkin2g@hp.com,Genderqueer,141.77.62.18,Tin,Asian Indian
90,Lissi,Carlos,lcarlos2h@usatoday.com,Bigender,37.128.98.44,Zontrax,White
91,Claire,Scoines,cscoines2i@weibo.com,Genderfluid,61.134.197.131,Alphazap,Chippewa
92,Charita,Loiterton,cloiterton2j@harvard.edu,Polygender,80.133.79.64,Solarbreeze,Filipino
93,Adelle,Hasell,ahasell2k@washingtonpost.com,Non-binary,183.212.163.225,Fix San,Kiowa
94,Yule,Van Bruggen,yvanbruggen2l@indiegogo.com,Genderfluid,234.83.200.230,Y-find,Colombian
95,Salvador,McMorran,smcmorran2m@china.com.cn,Female,6.98.220.225,Andalax,Puerto Rican
96,Franny,Tinline,ftinline2n@simplemachines.org,Polygender,176.61.235.14,Stringtough,Colombian
97,Rebeca,Cowerd,rcowerd2o@odnoklassniki.ru,Bigender,3.34.1.252,Y-find,Argentinian
98,Eartha,McPaike,emcpaike2p@tinypic.com,Bigender,57.230.198.99,,
99,Christophe,De Blase,cdeblase2q@wikia.com,Agender,46.249.234.197,,
100,Laurie,Capner,lcapner2r@shutterfly.com,Genderqueer,59.153.123.23,Prodder,Fijian
101,Myca,Bosquet,mbosquet2s@home.pl,Female,159.204.65.127,Cardguard,Aleut
102,Karel,Eadmead,keadmead2t@wsj.com,Bigender,147.140.20.62,,
103,Rhetta,Lemmanbie,rlemmanbie2u@posterous.com,Female,102.151.39.54,Lotstring,Laotian
104,Doti,Boydle,dboydle2v@weebly.com,Male,96.5.10.27,,
105,Danette,Morratt,dmorratt2w@yandex.ru,Genderqueer,102.194.74.184,,
106,Reilly,Hofler,rhofler2x@jimdo.com,Agender,38.123.183.60,,
107,Garik,Glyn,gglyn2y@virginia.edu,Female,78.213.159.12,,
108,Rosalyn,Bembrigg,rbembrigg2z@arstechnica.com,Bigender,18.163.243.127,Tres-Zap,Chinese
109,Clive,Jedrzejewsky,cjedrzejewsky30@bluehost.com,Genderfluid,95.106.83.159,Ventosanzap,Puerto Rican
110,Maxy,Rudkin,mrudkin31@google.it,Female,23.8.79.34,Zoolab,Hmong
111,Chloe,Dover,cdover32@twitter.com,Male,89.100.141.105,Stim,Osage
112,Ronny,Le Count,rlecount33@elegantthemes.com,Male,178.237.7.34,Konklab,Peruvian
113,Rutger,Hewkin,rhewkin34@t.co,Genderfluid,102.116.230.181,Prodder,Eskimo
114,Norry,Desaur,ndesaur35@npr.org,Non-binary,158.214.87.159,Sonsing,Alaskan Athabascan
115,Anabella,Ceillier,aceillier36@icq.com,Male,5.66.42.105,Stim,Laotian
116,Izabel,Dorey,idorey37@yolasite.com,Male,168.164.109.88,,
117,Milly,Guillou,mguillou38@photobucket.com,Bigender,122.124.34.78,Tres-Zap,Nicaraguan
118,Anjanette,Martineau,amartineau39@myspace.com,Non-binary,35.37.48.207,,
119,Mollee,Varren,mvarren3a@dion.ne.jp,Polygender,102.19.99.44,,
120,Ronnica,Gingold,rgingold3b@gnu.org,Genderfluid,2.194.82.238,Job,South American
121,Camey,Tooby,ctooby3c@xinhuanet.com,Non-binary,15.224.116.33,Gembucket,Hmong
122,Fin,Osgood,fosgood3d@vk.com,Genderqueer,86.16.75.197,Aerified,Native Hawaiian and Other Pacific Islander (NHPI)
123,Theadora,Neles,tneles3e@spiegel.de,Bigender,216.69.57.170,Bitchip,Paraguayan
124,Penni,Naisey,pnaisey3f@drupal.org,Genderfluid,228.149.217.108,,
125,Trenna,Glencrash,tglencrash3g@tinyurl.com,Non-binary,127.98.232.79,Aerified,Shoshone
126,Frasier,Tyer,ftyer3h@princeton.edu,Female,234.231.172.92,,
127,Ase,Levinge,alevinge3i@chronoengine.com,Agender,246.106.18.232,Sonair,Chippewa
128,Chelsae,Bowker,cbowker3j@pbs.org,Genderfluid,185.32.55.248,Asoka,Korean
129,Morty,Leahey,mleahey3k@a8.net,Polygender,177.186.191.69,,
130,Evelyn,McDonagh,emcdonagh3l@loc.gov,Female,115.161.255.54,,
131,Dorian,Farraway,dfarraway3m@merriam-webster.com,Genderfluid,72.58.254.236,Domainer,Lumbee
132,Dallas,Lamp,dlamp3n@elegantthemes.com,Male,17.11.21.13,Fix San,Cambodian
133,Cissy,Shropsheir,cshropsheir3o@senate.gov,Agender,228.210.101.232,Opela,Indonesian
134,Loralee,Bisatt,lbisatt3p@newyorker.com,Polygender,10.172.19.30,Holdlamis,Honduran
135,Pooh,Haily,phaily3q@foxnews.com,Genderqueer,42.110.104.8,Vagram,Navajo
136,Melli,Rumney,mrumney3r@gmpg.org,Male,91.243.110.119,Bytecard,Bangladeshi
137,Leslie,Brame,lbrame3s@gizmodo.com,Bigender,78.194.73.233,Sonsing,Yuman
138,Edwina,Vamplus,evamplus3t@washingtonpost.com,Genderqueer,236.118.14.103,Overhold,Puerto Rican
139,Flem,Hexum,fhexum3u@guardian.co.uk,Genderfluid,214.22.62.74,,
140,Madelin,Shurrocks,mshurrocks3v@google.nl,Bigender,231.234.81.92,Domainer,Colville
141,Diego,Loughton,dloughton3w@tripod.com,Bigender,118.226.61.2,,
142,Genvieve,Serrier,gserrier3x@adobe.com,Male,252.18.233.43,,
143,Ashil,Shipp,ashipp3y@virginia.edu,Genderfluid,73.190.11.66,Stringtough,Ute
144,Brandon,Bridie,bbridie3z@123-reg.co.uk,Agender,124.12.44.144,Sonair,Osage
145,Lars,Diddams,ldiddams40@de.vu,Non-binary,206.32.51.127,Trippledex,Creek
146,Averell,McCarthy,amccarthy41@g.co,Non-binary,175.134.196.205,Rank,Pima
147,Neville,Engelbrecht,nengelbrecht42@feedburner.com,Female,86.155.65.5,,
148,Coriss,Antoniewicz,cantoniewicz43@utexas.edu,Female,168.252.188.27,Biodex,Laotian
149,Allison,Edgars,aedgars44@rambler.ru,Non-binary,254.159.15.12,,
150,Jeth,Di Gregorio,jdigregorio45@chicagotribune.com,Male,79.104.165.224,Rank,Tohono O'Odham
151,Eberhard,De Roos,ederoos46@mtv.com,Bigender,96.96.70.238,Toughjoyfax,Asian
152,Cristian,Hastin,chastin47@phpbb.com,Male,100.250.206.217,Tres-Zap,Filipino
153,Giffer,Yurinov,gyurinov48@ucla.edu,Genderfluid,253.0.14.207,Transcof,Micronesian
154,Jammal,Hencke,jhencke49@washingtonpost.com,Genderfluid,44.50.116.115,,
155,Shena,Fayerbrother,sfayerbrother4a@smh.com.au,Genderfluid,167.155.143.226,Mat Lam Tam,Latin American Indian
156,Dedra,Jestico,djestico4b@guardian.co.uk,Polygender,1.55.238.108,Andalax,Pueblo
157,Michel,Shill,mshill4c@xing.com,Bigender,38.248.104.200,,
158,Jayme,Meedendorpe,jmeedendorpe4d@fc2.com,Female,3.241.156.37,Solarbreeze,Puget Sound Salish
159,Theobald,Colum,tcolum4e@yahoo.co.jp,Female,54.11.139.154,Sub-Ex,Menominee
160,Haroun,Doorly,hdoorly4f@baidu.com,Agender,215.115.253.35,Matsoft,Bangladeshi
161,Madelene,Melsom,mmelsom4g@icio.us,Non-binary,1.71.51.121,Asoka,Cheyenne
162,Doug,Quantrell,dquantrell4h@e-recht24.de,Female,12.82.206.211,Y-find,Chickasaw
163,Elden,Jaycox,ejaycox4i@unesco.org,Agender,151.250.150.246,Stringtough,Bangladeshi
164,Devinne,Readwing,dreadwing4j@dot.gov,Female,243.52.153.118,Cardify,Asian Indian
165,Fawne,Yeliashev,fyeliashev4k@comsenz.com,Male,249.4.86.26,Tresom,Paraguayan
166,Tommie,McAtamney,tmcatamney4l@home.pl,Genderqueer,19.142.6.104,Aerified,Navajo
167,Bernadine,Blonfield,bblonfield4m@imgur.com,Female,142.85.17.128,Biodex,Native Hawaiian
168,Paulette,Jarmyn,pjarmyn4n@fda.gov,Genderfluid,15.179.130.90,,
169,Demetrius,Denk,ddenk4o@earthlink.net,Genderqueer,40.204.159.241,,
170,Torin,Lissenden,tlissenden4p@dot.gov,Female,73.25.43.83,Bytecard,Malaysian
171,Ode,Ewing,oewing4q@wix.com,Male,19.134.17.178,Quo Lux,Shoshone
172,Judd,Wycliffe,jwycliffe4r@arizona.edu,Bigender,3.31.207.239,,
173,Knox,Whicher,kwhicher4s@go.com,Male,250.167.98.36,,
174,Shelly,Manna,smanna4t@studiopress.com,Male,199.170.133.109,,
175,Adaline,Humbee,ahumbee4u@ustream.tv,Female,62.77.75.120,,
176,Innis,Crosen,icrosen4v@ftc.gov,Polygender,115.105.37.50,Fixflex,Uruguayan
177,Eleanor,Churchyard,echurchyard4w@hexun.com,Bigender,0.102.93.170,Latlux,Eskimo
178,Camila,Jozwicki,cjozwicki4x@cloudflare.com,Genderfluid,38.68.178.150,,
179,Silvain,Ackerman,sackerman4y@hubpages.com,Genderfluid,53.82.130.88,Y-Solowarm,Cuban
180,Teena,Elkin,telkin4z@washington.edu,Bigender,100.16.111.165,Regrant,Dominican (Dominican Republic)
181,Harriott,Cotsford,hcotsford50@webmd.com,Bigender,80.57.254.241,,
182,Kissiah,Yantsurev,kyantsurev51@ocn.ne.jp,Male,73.70.150.132,Quo Lux,American Indian
183,Bobbye,Maben,bmaben52@europa.eu,Genderqueer,109.215.76.233,Pannier,Puerto Rican
184,Joscelin,Ohms,johms53@taobao.com,Genderqueer,191.206.54.212,Duobam,Japanese
185,Shel,Jaszczak,sjaszczak54@sakura.ne.jp,Genderfluid,79.10.42.138,,
186,Hephzibah,Brass,hbrass55@foxnews.com,Bigender,195.255.4.42,Fix San,Bangladeshi
187,Ellwood,Thonason,ethonason56@goo.gl,Non-binary,227.34.157.206,Zoolab,Indonesian
188,Juliann,Cahn,jcahn57@homestead.com,Genderqueer,94.110.78.58,Tresom,Potawatomi
189,Susie,Postians,spostians58@bluehost.com,Non-binary,83.236.37.88,,
190,Ruy,Playfair,rplayfair59@ask.com,Bigender,175.144.137.148,,
191,Tobey,Osan,tosan5a@angelfire.com,Genderqueer,64.169.91.184,,
192,Valera,Coaker,vcoaker5b@google.cn,Female,138.200.143.101,Latlux,Costa Rican
193,Christa,Passler,cpassler5c@europa.eu,Non-binary,106.246.159.185,Alpha,Guatemalan
194,Sebastiano,Eskell,seskell5d@boston.com,Polygender,39.188.72.101,Zaam-Dox,Native Hawaiian and Other Pacific Islander (NHPI)
195,Merwyn,Taylour,mtaylour5e@dropbox.com,Non-binary,90.164.70.51,It,Honduran
196,Dillon,Chazotte,dchazotte5f@aol.com,Polygender,183.101.115.8,,
197,Guthry,Schermick,gschermick5g@pen.io,Male,193.36.213.36,Y-find,Native Hawaiian and Other Pacific Islander (NHPI)
198,Teresa,Goter,tgoter5h@youtu.be,Agender,88.105.142.179,Fintone,Cherokee
199,Elbertine,Widdocks,ewiddocks5i@feedburner.com,Genderqueer,244.12.79.233,Rank,Puget Sound Salish
200,Jacqui,Seebright,jseebright5j@fastcompany.com,Bigender,255.248.208.64,,
201,Cchaddie,Kenwood,ckenwood5k@friendfeed.com,Polygender,13.6.205.223,Otcom,Vietnamese
202,Linn,Longmead,llongmead5l@live.com,Female,166.238.172.167,,
203,Kati,Sleeman,ksleeman5m@stumbleupon.com,Genderqueer,45.191.221.89,Bitchip,Venezuelan
204,Dene,Rosi,drosi5n@china.com.cn,Non-binary,111.59.56.98,Bitwolf,American Indian and Alaska Native (AIAN)
205,Pasquale,Humberstone,phumberstone5o@i2i.jp,Genderfluid,34.160.9.44,,
206,Ailis,Whotton,awhotton5p@theglobeandmail.com,Genderqueer,241.9.192.5,Daltfresh,Tlingit-Haida
207,Arlie,Broadwell,abroadwell5q@ca.gov,Agender,250.17.189.177,Flexidy,Cuban
208,Gavan,Nicolls,gnicolls5r@canalblog.com,Female,21.169.29.66,Toughjoyfax,Indonesian
209,Elberta,McKleod,emckleod5s@github.io,Bigender,251.178.58.51,Stringtough,Asian Indian
210,Birgit,Goreisr,bgoreisr5t@nature.com,Genderfluid,234.164.166.22,Domainer,Japanese
211,Bar,La Wille,blawille5u@google.de,Agender,58.117.57.167,Tempsoft,Korean
212,Gaby,Tassel,gtassel5v@alexa.com,Genderqueer,48.248.76.136,Viva,Ecuadorian
213,Alexine,Casewell,acasewell5w@yahoo.com,Female,142.226.174.181,Ventosanzap,Pima
214,Thoma,Calway,tcalway5x@tiny.cc,Non-binary,250.44.98.158,Andalax,Hmong
215,Cosimo,Weeden,cweeden5y@tamu.edu,Polygender,56.214.73.168,Cookley,Guatemalan
216,Alyson,Dart,adart5z@elegantthemes.com,Genderfluid,208.201.100.235,Opela,Taiwanese
217,Ezechiel,Keets,ekeets60@blogtalkradio.com,Agender,92.198.100.222,,
218,Aili,Ondrich,aondrich61@opera.com,Bigender,166.140.100.95,Biodex,Alaskan Athabascan
219,Arlene,Debold,adebold62@jugem.jp,Polygender,239.217.232.38,,
220,Consalve,Munnings,cmunnings63@jimdo.com,Female,221.238.179.94,Cardguard,Houma
221,Gelya,Castro,gcastro64@un.org,Genderqueer,100.226.120.210,Overhold,Latin American Indian
222,Chauncey,Blazic,cblazic65@yahoo.com,Genderqueer,103.192.161.115,Alpha,Tohono O'Odham
223,Wyndham,Sunman,wsunman66@flickr.com,Female,99.220.172.33,,
224,Gillian,Puffett,gpuffett67@twitter.com,Genderfluid,190.182.2.197,Transcof,Cambodian
225,Goober,MacArd,gmacard68@1688.com,Genderqueer,176.191.136.247,,
226,Maurene,Manclark,mmanclark69@java.com,Male,111.11.223.26,Tin,Iroquois
227,Adel,Maryska,amaryska6a@va.gov,Genderfluid,30.70.222.24,Temp,Kiowa
228,Wells,Rigts,wrigts6b@patch.com,Genderfluid,248.174.248.179,,
229,Genovera,Boutell,gboutell6c@latimes.com,Polygender,60.193.195.6,Vagram,Pueblo
230,Alexandra,Goseling,agoseling6d@guardian.co.uk,Genderfluid,103.81.168.189,,
231,Torre,Muino,tmuino6e@statcounter.com,Bigender,12.65.19.211,,
232,Cherilynn,Weson,cweson6f@wiley.com,Polygender,190.158.245.134,Greenlam,Creek
233,Johannes,Helis,jhelis6g@weibo.com,Agender,247.129.13.54,Fintone,Uruguayan
234,Alfreda,Duffield,aduffield6h@instagram.com,Genderqueer,96.105.83.21,,
235,Salaidh,Macer,smacer6i@chron.com,Polygender,149.190.161.153,Stim,Colville
236,Perceval,Nuzzi,pnuzzi6j@storify.com,Agender,55.114.165.204,Domainer,Peruvian
237,Carolin,Fardy,cfardy6k@wikispaces.com,Genderfluid,15.224.198.121,,
238,Vivyan,Stouther,vstouther6l@census.gov,Agender,189.127.213.162,,
239,Liana,Wilber,lwilber6m@quantcast.com,Polygender,31.152.86.74,Bigtax,Filipino
240,Amil,Edmott,aedmott6n@mediafire.com,Female,200.102.129.184,Stronghold,Vietnamese
241,Kristyn,Furnival,kfurnival6o@samsung.com,Genderfluid,238.121.116.130,,
242,Terza,Mackleden,tmackleden6p@over-blog.com,Male,44.1.89.86,Bamity,Korean
243,Erhard,MacDonough,emacdonough6q@icio.us,Male,6.234.115.102,Holdlamis,Navajo
244,Kermy,Cristoferi,kcristoferi6r@arizona.edu,Bigender,207.164.143.191,,
245,Husein,Gudeman,hgudeman6s@phpbb.com,Genderfluid,245.156.15.29,Ronstring,Alaska Native
246,Jodi,Mish,jmish6t@nationalgeographic.com,Male,85.135.202.85,,
247,Belicia,Nuttall,bnuttall6u@freewebs.com,Genderfluid,242.9.195.209,,
248,Amara,Josipovic,ajosipovic6v@cocolog-nifty.com,Polygender,253.27.178.176,Zaam-Dox,Samoan
249,Leonore,Shegog,lshegog6w@boston.com,Polygender,105.126.222.157,Pannier,Taiwanese
250,Mandi,Grahlman,mgrahlman6x@purevolume.com,Genderfluid,124.217.33.60,,
251,Stephan,Bunning,sbunning6y@ucoz.ru,Male,139.219.2.98,Lotlux,Latin American Indian
252,Wendye,Drayton,wdrayton6z@meetup.com,Agender,187.24.148.10,Rank,Indonesian
253,Franciskus,Nurny,fnurny70@bandcamp.com,Non-binary,72.97.215.72,,
254,Winifred,Wiltsher,wwiltsher71@alibaba.com,Genderfluid,5.64.225.135,Latlux,Sioux
255,Kala,Britten,kbritten72@bloglovin.com,Agender,28.126.217.20,,
256,Talia,Burless,tburless73@amazon.de,Genderfluid,149.55.181.101,,
257,Denney,Chaperlin,dchaperlin74@chronoengine.com,Polygender,50.227.167.16,Viva,Paiute
258,Barnard,Ruck,bruck75@ox.ac.uk,Bigender,108.223.176.44,Alpha,Kiowa
259,Packston,Pobjoy,ppobjoy76@friendfeed.com,Genderfluid,43.26.66.10,Zontrax,Cuban
260,Sashenka,Pering,spering77@nytimes.com,Polygender,124.26.148.55,,
261,Lindy,Madgwick,lmadgwick78@loc.gov,Male,247.78.247.160,Pannier,Japanese
262,Ludovico,Klempke,lklempke79@blogger.com,Male,156.161.21.172,Flexidy,Puerto Rican
263,Mill,Thirlwell,mthirlwell7a@facebook.com,Male,72.129.170.31,,
264,Lara,Skae,lskae7b@umn.edu,Male,96.161.242.204,,
265,Raffaello,Stalf,rstalf7c@vk.com,Genderqueer,15.158.97.224,,
266,Kelly,Ferrie,kferrie7d@unblog.fr,Male,55.106.24.121,,
267,Phillipe,Sicily,psicily7e@elegantthemes.com,Genderqueer,11.30.216.142,Keylex,Thai
268,Ly,Flintuff,lflintuff7f@4shared.com,Genderqueer,247.179.133.70,Wrapsafe,Pima
269,Morry,Plues,mplues7g@sohu.com,Genderfluid,121.228.212.115,,
270,Cilka,Siemons,csiemons7h@chicagotribune.com,Female,201.253.227.176,Alpha,Tlingit-Haida
271,Yoko,Gateshill,ygateshill7i@google.ca,Genderfluid,112.95.14.52,Voltsillam,Colombian
272,Aleksandr,Sancroft,asancroft7j@ted.com,Female,3.251.9.181,Aerified,Chickasaw
273,Rasla,Slayny,rslayny7k@economist.com,Non-binary,53.225.102.74,Bytecard,Ecuadorian
274,Patin,Jackes,pjackes7l@istockphoto.com,Agender,219.94.226.212,Bitchip,Bolivian
275,Opal,Bittlestone,obittlestone7m@webeden.co.uk,Genderqueer,223.6.61.135,,
276,Randolf,Vitte,rvitte7n@phoca.cz,Female,73.228.179.76,Konklux,Asian
277,Gordon,Cowey,gcowey7o@wired.com,Genderqueer,220.181.67.155,,
278,Xenia,Waren,xwaren7p@gov.uk,Agender,86.191.51.77,Bamity,Guatemalan
279,Rurik,Barnewelle,rbarnewelle7q@github.io,Polygender,10.92.166.99,,
280,Hersh,Dedenham,hdedenham7r@time.com,Female,142.140.30.94,Pannier,Chamorro
281,Alisun,Yakubovics,ayakubovics7s@ustream.tv,Bigender,198.45.242.164,Rank,Menominee
282,Marya,Piet,mpiet7t@ft.com,Genderqueer,68.157.209.244,Latlux,Comanche
283,Kimball,Titcomb,ktitcomb7u@vkontakte.ru,Male,203.16.199.57,Latlux,American Indian and Alaska Native (AIAN)
284,Ferrel,Labes,flabes7v@businessweek.com,Non-binary,9.23.236.147,Tin,Yaqui
285,Zackariah,Horrigan,zhorrigan7w@networkadvertising.org,Polygender,255.55.254.246,,
286,Hashim,Mancktelow,hmancktelow7x@buzzfeed.com,Non-binary,0.145.127.251,It,Fijian
287,Jerad,Shapcott,jshapcott7y@usnews.com,Non-binary,182.234.220.254,Temp,Eskimo
288,Rosalinda,Bird,rbird7z@technorati.com,Non-binary,3.128.29.13,Aerified,Delaware
289,Liza,Crellim,lcrellim80@chicagotribune.com,Male,200.197.238.198,,
290,Buckie,Perillo,bperillo81@odnoklassniki.ru,Female,17.216.95.152,,
291,Gabriell,Humburton,ghumburton82@wordpress.org,Polygender,215.89.161.50,Y-Solowarm,Micronesian
292,Garrott,De la Yglesia,gdelayglesia83@ucla.edu,Male,59.171.230.104,,
293,Tab,Barribal,tbarribal84@youku.com,Genderfluid,201.37.247.37,Alphazap,Peruvian
294,Lexy,Kase,lkase85@shareasale.com,Polygender,145.245.120.41,Domainer,Aleut
295,Erminia,Byart,ebyart86@diigo.com,Bigender,240.97.61.178,Toughjoyfax,Laotian
296,Dickie,Bamling,dbamling87@indiegogo.com,Polygender,144.196.87.90,Prodder,Hmong
297,Rosalynd,Tomek,rtomek88@reuters.com,Genderfluid,106.211.51.98,,
298,Allyn,Stealey,astealey89@nba.com,Male,60.210.234.39,Bitwolf,Uruguayan
299,Annemarie,Claypole,aclaypole8a@springer.com,Genderfluid,133.57.113.98,Stim,Panamanian
300,Kermie,Grzelak,kgrzelak8b@mediafire.com,Genderqueer,62.199.29.100,Span,Guatemalan
301,Solomon,Boldison,sboldison8c@sohu.com,Female,94.99.14.26,Bitchip,Blackfeet
302,Briana,Scaplehorn,bscaplehorn8d@techcrunch.com,Genderfluid,120.184.35.0,Stringtough,Thai
303,Shawn,Benley,sbenley8e@blinklist.com,Female,240.134.10.37,Temp,Guatemalan
304,Gwenni,Parnham,gparnham8f@google.ru,Bigender,102.229.85.22,Ventosanzap,Crow
305,Sterne,McCaughey,smccaughey8g@sciencedirect.com,Agender,83.215.47.52,,
306,Elizabet,Postle,epostle8h@techcrunch.com,Male,52.163.233.120,,
307,Tabbie,Loggie,tloggie8i@bigcartel.com,Genderfluid,106.249.108.52,,
308,Grissel,Monck,gmonck8j@si.edu,Genderqueer,28.44.161.206,Sonair,Shoshone
309,Nedi,Todeo,ntodeo8k@delicious.com,Agender,254.112.16.255,,
310,Tully,Phinnis,tphinnis8l@hp.com,Genderfluid,22.98.26.196,Asoka,Creek
311,Tilda,Muddicliffe,tmuddicliffe8m@bloomberg.com,Genderfluid,214.103.147.200,Veribet,Eskimo
312,Lib,Cuvley,lcuvley8n@instagram.com,Female,152.17.180.62,,
313,Edin,Frowen,efrowen8o@printfriendly.com,Genderqueer,61.245.52.243,Y-find,Blackfeet
314,Rosetta,Dobrowolny,rdobrowolny8p@weibo.com,Genderqueer,103.160.143.122,Span,Ottawa
315,Paton,Caesmans,pcaesmans8q@behance.net,Male,96.225.100.169,,
316,Ddene,Teaz,dteaz8r@prnewswire.com,Non-binary,94.203.204.153,,
317,Joey,Yackiminie,jyackiminie8s@independent.co.uk,Non-binary,35.110.227.81,,
318,Somerset,Lumbers,slumbers8t@pagesperso-orange.fr,Genderqueer,162.134.254.161,,
319,Heida,Villiers,hvilliers8u@printfriendly.com,Bigender,221.117.119.156,Kanlam,Vietnamese
320,Vinny,Imrie,vimrie8v@photobucket.com,Agender,113.160.13.235,Treeflex,Asian
321,Kathe,Schwandermann,kschwandermann8w@msu.edu,Polygender,79.74.4.2,Latlux,Ecuadorian
322,Elfrieda,Lamb,elamb8x@phoca.cz,Genderfluid,184.223.140.186,Duobam,South American
323,Florri,Munkley,fmunkley8y@over-blog.com,Non-binary,152.147.251.6,,
324,Ruth,Paggitt,rpaggitt8z@cbslocal.com,Non-binary,142.112.133.188,Wrapsafe,Nicaraguan
325,Grantham,Bewlay,gbewlay90@webnode.com,Polygender,248.17.153.150,,
326,Oona,Ingledow,oingledow91@salon.com,Bigender,76.80.58.176,,
327,Stearne,Rosen,srosen92@google.com.au,Female,123.177.103.165,Fix San,Taiwanese
328,Karol,Capini,kcapini93@clickbank.net,Genderqueer,120.60.171.78,Holdlamis,Korean
329,Collie,Tessier,ctessier94@bandcamp.com,Genderfluid,86.21.31.102,,
330,Ruthie,Rottger,rrottger95@ft.com,Bigender,203.79.69.214,Bytecard,Native Hawaiian
331,Meridel,Mullin,mmullin96@nydailynews.com,Male,126.173.17.206,,
332,Emelen,Schwant,eschwant97@wikispaces.com,Female,55.180.72.226,Duobam,Hmong
333,Chaddy,MacMenamie,cmacmenamie98@yellowpages.com,Female,188.128.102.138,Alphazap,Panamanian
334,Mirilla,Halwill,mhalwill99@dyndns.org,Male,67.147.151.80,Otcom,Melanesian
335,Filbert,Merfin,fmerfin9a@pen.io,Non-binary,146.205.116.100,Mat Lam Tam,Latin American Indian
336,Loren,Whiteley,lwhiteley9b@bloomberg.com,Female,176.86.192.55,,
337,Lucienne,Grayland,lgrayland9c@imageshack.us,Agender,46.132.12.51,Span,Seminole
338,Daune,Tutt,dtutt9d@macromedia.com,Non-binary,74.119.64.145,Ronstring,Kiowa
339,Claudell,Bowell,cbowell9e@fastcompany.com,Genderfluid,142.96.30.219,Wrapsafe,Cree
340,Jenine,Perrett,jperrett9f@tmall.com,Male,204.236.10.89,Tempsoft,Vietnamese
341,Maudie,Lisciandro,mlisciandro9g@1und1.de,Genderqueer,98.24.161.69,Solarbreeze,Asian Indian
342,Clemmy,Brixey,cbrixey9h@dyndns.org,Genderqueer,72.87.42.92,Tin,Osage
343,Simmonds,Sumshon,ssumshon9i@techcrunch.com,Non-binary,3.180.129.202,,
344,Corina,Kobisch,ckobisch9j@github.com,Genderqueer,42.185.49.28,Duobam,Central American
345,Eimile,Attwoul,eattwoul9k@geocities.jp,Agender,17.232.12.149,Alphazap,Kiowa
346,Chet,Smitheman,csmitheman9l@prweb.com,Non-binary,171.52.161.247,Bamity,Bangladeshi
347,Dennis,Emptage,demptage9m@google.com.br,Bigender,140.140.149.137,Matsoft,Mexican
348,Sonni,Suttill,ssuttill9n@usa.gov,Male,103.222.110.43,Toughjoyfax,Native Hawaiian
349,Josie,Spittall,jspittall9o@drupal.org,Bigender,211.218.247.61,Cookley,Seminole
350,Sonny,Cham,scham9p@hao123.com,Agender,60.207.93.133,,
351,Ilyse,Cabera,icabera9q@psu.edu,Genderfluid,172.216.174.133,,
352,Claiborne,Winfindale,cwinfindale9r@godaddy.com,Female,187.172.237.177,Hatity,Pakistani
353,Kary,Lawie,klawie9s@un.org,Polygender,162.171.174.235,Biodex,Hmong
354,Myer,Purdie,mpurdie9t@psu.edu,Polygender,62.119.140.4,Voltsillam,Puerto Rican
355,Patrice,Exall,pexall9u@topsy.com,Agender,32.255.29.246,Subin,Menominee
356,Brannon,Hysom,bhysom9v@bravesites.com,Genderfluid,129.246.235.215,Zamit,Argentinian
357,Padgett,Roscamps,proscamps9w@gmpg.org,Female,155.117.14.25,Namfix,Chinese
358,Carroll,Mollitt,cmollitt9x@spiegel.de,Agender,52.1.78.50,Bitwolf,Tongan
359,Benjie,Mace,bmace9y@indiatimes.com,Male,55.51.72.25,Viva,Guatemalan
360,Lexine,Hamberstone,lhamberstone9z@usgs.gov,Non-binary,14.179.231.117,Y-find,Honduran
361,Silvana,Slark,sslarka0@reuters.com,Genderqueer,31.41.140.194,,
362,Harlan,Huddle,hhuddlea1@pcworld.com,Male,83.66.90.131,,
363,Rayner,Bimson,rbimsona2@hud.gov,Female,44.220.91.193,Hatity,Salvadoran
364,York,McIlvaney,ymcilvaneya3@hibu.com,Non-binary,98.110.132.112,,
365,Klara,Hambright,khambrighta4@exblog.jp,Bigender,50.220.11.65,,
366,Robbin,Boulger,rboulgera5@usgs.gov,Bigender,200.151.248.51,,
367,Lorette,Hugnin,lhugnina6@instagram.com,Polygender,184.203.243.109,Bitchip,American Indian
368,Basilius,Rodders,broddersa7@comsenz.com,Agender,152.201.26.185,Sonair,Puget Sound Salish
369,Morey,Rraundl,mrraundla8@360.cn,Female,139.18.253.1,Daltfresh,Choctaw
370,Farand,Luby,flubya9@tumblr.com,Female,142.79.94.14,Stronghold,Paiute
371,Rheba,Illing,rillingaa@bloomberg.com,Genderfluid,109.153.244.220,Sonsing,Comanche
372,Eamon,Buckberry,ebuckberryab@soup.io,Bigender,19.200.55.161,Tres-Zap,Vietnamese
373,Dierdre,Cobson,dcobsonac@columbia.edu,Male,159.17.47.2,Aerified,Native Hawaiian and Other Pacific Islander (NHPI)
374,Aaren,Youings,ayouingsad@ovh.net,Male,69.194.107.172,Stringtough,Dominican (Dominican Republic)
375,Aline,Prudham,aprudhamae@nasa.gov,Female,187.56.211.30,,
376,Malcolm,Saintsbury,msaintsburyaf@mashable.com,Bigender,255.51.77.215,Regrant,Ecuadorian
377,Alberto,Bygrave,abygraveag@1und1.de,Agender,188.151.131.248,Asoka,Tohono O'Odham
378,Philis,Twohig,ptwohigah@microsoft.com,Male,70.232.225.29,,
379,Renee,Tour,rtourai@barnesandnoble.com,Genderqueer,99.141.163.161,Gembucket,Iroquois
380,Barbette,Hearthfield,bhearthfieldaj@nhs.uk,Polygender,30.91.23.113,Span,Native Hawaiian and Other Pacific Islander (NHPI)
381,Rozalin,Rooksby,rrooksbyak@irs.gov,Agender,223.136.218.7,,
382,Papageno,Pretty,pprettyal@squarespace.com,Agender,238.202.219.120,Bitchip,Venezuelan
383,Darnall,Joseland,djoselandam@eepurl.com,Genderfluid,149.76.226.171,Hatity,Tlingit-Haida
384,Julianna,Wolters,jwoltersan@nih.gov,Agender,126.22.166.151,Tresom,Yuman
385,Jameson,Somerbell,jsomerbellao@google.de,Non-binary,208.125.139.107,,
386,Carolus,Ramelet,crameletap@joomla.org,Female,5.43.9.208,,
387,Atlanta,Sawyers,asawyersaq@geocities.jp,Genderfluid,183.185.173.69,Bamity,Dominican (Dominican Republic)
388,Chip,Baldwin,cbaldwinar@e-recht24.de,Bigender,96.78.122.58,,
389,Jessalyn,Tussaine,jtussaineas@dailymail.co.uk,Female,197.70.205.9,Temp,Taiwanese
390,Allen,Lusher,alusherat@moonfruit.com,Polygender,232.69.118.173,,
391,Shannon,Gabitis,sgabitisau@wunderground.com,Non-binary,129.88.122.88,Mat Lam Tam,Ute
392,Win,Mealand,wmealandav@google.com.br,Male,193.177.17.6,Duobam,Central American
393,Aldin,Giorio,agiorioaw@barnesandnoble.com,Male,104.47.163.62,Cardify,Cuban
394,Mathe,Bednall,mbednallax@list-manage.com,Non-binary,229.117.239.111,,
395,Ashlie,Breinlein,abreinleinay@dyndns.org,Male,250.132.253.229,,
396,Ebony,Chisolm,echisolmaz@imageshack.us,Male,252.221.110.185,Temp,Colombian
397,Onfroi,Spancock,ospancockb0@dailymotion.com,Male,188.213.151.172,Tresom,Hmong
398,Aveline,McMillam,amcmillamb1@earthlink.net,Polygender,193.54.45.145,,
399,Karalee,Jouaneton,kjouanetonb2@indiatimes.com,Agender,149.11.255.98,Zathin,Cheyenne
400,Carry,Stamper,cstamperb3@live.com,Female,145.84.170.247,,
401,Thornie,Jewson,tjewsonb4@livejournal.com,Genderqueer,73.125.255.66,Zaam-Dox,Menominee
402,Aloise,Gladtbach,agladtbachb5@netvibes.com,Bigender,98.9.96.105,Daltfresh,White
403,Ansel,Ledbetter,aledbetterb6@squidoo.com,Non-binary,65.168.2.12,Bamity,Colville
404,Dean,Reboulet,drebouletb7@desdev.cn,Male,80.97.19.182,,
405,Ricki,McVicker,rmcvickerb8@howstuffworks.com,Genderqueer,62.242.53.201,Tampflex,American Indian and Alaska Native (AIAN)
406,Elsa,Jeyness,ejeynessb9@nasa.gov,Polygender,69.227.69.229,,
407,Rodolfo,Angeli,rangeliba@fotki.com,Genderfluid,1.14.166.160,Trippledex,Black or African American
408,Donall,Treble,dtreblebb@g.co,Genderfluid,121.173.115.172,Domainer,Thai
409,Olia,Jewsbury,ojewsburybc@nytimes.com,Bigender,77.53.109.8,,
410,Alain,Masic,amasicbd@wikimedia.org,Agender,45.45.246.211,Rank,Chickasaw
411,Rose,Dunkerly,rdunkerlybe@de.vu,Genderqueer,140.190.110.114,Regrant,Chickasaw
412,Giacomo,De Caville,gdecavillebf@wikimedia.org,Genderqueer,20.55.222.237,Rank,Bangladeshi
413,Greggory,Roulston,groulstonbg@tamu.edu,Genderfluid,203.115.158.11,,
414,Harvey,Colliss,hcollissbh@posterous.com,Male,236.36.72.190,,
415,Darell,Gutsell,dgutsellbi@narod.ru,Agender,120.192.171.170,Duobam,Osage
416,Morie,Balmann,mbalmannbj@patch.com,Genderqueer,46.200.236.12,,
417,Berna,Deetlefs,bdeetlefsbk@biglobe.ne.jp,Bigender,215.253.41.99,,
418,Vincenz,Karel,vkarelbl@epa.gov,Bigender,41.248.171.167,Quo Lux,Asian Indian
419,Sylvester,Ryle,srylebm@biglobe.ne.jp,Agender,40.12.61.237,,
420,Ethelind,Strevens,estrevensbn@bloglovin.com,Genderfluid,41.115.170.191,Bigtax,Melanesian
421,Darrell,Holburn,dholburnbo@goo.ne.jp,Non-binary,160.58.2.203,,
422,Jordain,Habgood,jhabgoodbp@zdnet.com,Genderqueer,182.178.191.0,Zathin,Korean
423,Meridel,Swannack,mswannackbq@infoseek.co.jp,Female,80.232.177.207,Tampflex,Native Hawaiian and Other Pacific Islander (NHPI)
424,Base,Orum,borumbr@netvibes.com,Agender,83.81.47.163,Alpha,Apache
425,Maryann,Garner,mgarnerbs@npr.org,Genderfluid,48.156.47.161,Fintone,Spaniard
426,Brooke,Chaloner,bchalonerbt@list-manage.com,Female,2.165.214.121,Wrapsafe,Asian Indian
427,Jerome,Truter,jtruterbu@ibm.com,Polygender,148.146.39.219,Alphazap,White
428,Dorian,Plose,dplosebv@prnewswire.com,Genderqueer,225.238.45.38,Span,Native Hawaiian and Other Pacific Islander (NHPI)
429,Julee,Astbery,jastberybw@state.gov,Bigender,93.224.153.191,,
430,Waite,Cracker,wcrackerbx@stanford.edu,Non-binary,104.230.166.119,Biodex,Spaniard
431,Jens,Wroughton,jwroughtonby@examiner.com,Genderfluid,104.174.25.15,Fixflex,Puerto Rican
432,Hailee,Klement,hklementbz@paypal.com,Agender,242.37.0.105,Veribet,Polynesian
433,Kimmy,Barock,kbarockc0@webs.com,Agender,243.230.155.218,Temp,Cree
434,Row,Wall,rwallc1@ft.com,Male,71.40.209.17,Veribet,Creek
435,Christen,Wapple,cwapplec2@arizona.edu,Genderqueer,229.187.104.226,Wrapsafe,Blackfeet
436,Morgen,Whitby,mwhitbyc3@youtu.be,Non-binary,148.98.188.53,,
437,Giuditta,Riseam,griseamc4@google.nl,Polygender,138.72.78.200,,
438,Izzy,Brewett,ibrewettc5@yandex.ru,Genderqueer,246.102.160.189,Treeflex,Honduran
439,Gerome,Sturzaker,gsturzakerc6@hexun.com,Genderfluid,6.216.24.238,,
440,Tomasine,Argente,targentec7@statcounter.com,Bigender,48.1.10.54,,
441,Frederic,Dibdin,fdibdinc8@rediff.com,Agender,241.252.93.59,Zoolab,Eskimo
442,Shane,Rivelin,srivelinc9@eventbrite.com,Genderqueer,47.205.253.125,Matsoft,Potawatomi
443,Kenyon,Dusey,kduseyca@hugedomains.com,Female,232.6.181.159,Andalax,Eskimo
444,Gerrie,Muckleston,gmucklestoncb@google.ca,Bigender,199.255.216.137,Prodder,Asian
445,Olia,Haylett,ohaylettcc@last.fm,Genderfluid,139.77.182.113,Zathin,Sioux
446,Gaby,D'Alesio,gdalesiocd@zdnet.com,Bigender,234.177.5.188,Konklab,Seminole
447,Dalton,Giff,dgiffce@berkeley.edu,Polygender,82.114.164.40,Zontrax,Osage
448,Jobyna,Bensley,jbensleycf@qq.com,Polygender,144.41.30.23,It,Chinese
449,Pennie,Pendreigh,ppendreighcg@goo.ne.jp,Polygender,67.153.35.197,Daltfresh,Puerto Rican
450,Wrennie,McGreal,wmcgrealch@yellowbook.com,Genderqueer,225.195.9.106,,
451,Charmine,Puxley,cpuxleyci@imageshack.us,Bigender,223.60.210.241,,
452,Bond,Croyden,bcroydencj@answers.com,Non-binary,183.89.252.24,Vagram,Puget Sound Salish
453,Jori,Skirrow,jskirrowck@newsvine.com,Non-binary,246.25.203.77,Bitwolf,American Indian and Alaska Native (AIAN)
454,Jena,Jack,jjackcl@google.de,Genderfluid,136.29.150.71,,
455,Hank,Corcut,hcorcutcm@nsw.gov.au,Female,47.68.86.174,,
456,Osbert,Hartzogs,ohartzogscn@unesco.org,Genderqueer,87.83.84.9,Veribet,Choctaw
457,Gwenora,Beachamp,gbeachampco@soundcloud.com,Genderqueer,189.124.170.255,Temp,Tlingit-Haida
458,Tiena,Facher,tfachercp@google.pl,Non-binary,40.94.101.223,Bamity,Puget Sound Salish
459,Ruthie,Crabbe,rcrabbecq@taobao.com,Non-binary,120.40.72.219,Mat Lam Tam,Black or African American
460,Jewelle,Staton,jstatoncr@cnbc.com,Female,148.227.131.89,Zathin,Chickasaw
461,Stanwood,Noorwood,snoorwoodcs@blogger.com,Non-binary,154.225.255.52,Zathin,Puget Sound Salish
462,Gustave,McIlrath,gmcilrathct@wikipedia.org,Polygender,237.7.108.67,Konklab,Bolivian
463,Jamie,Yapp,jyappcu@so-net.ne.jp,Agender,228.251.110.62,Prodder,Honduran
464,Carey,Stubbert,cstubbertcv@nhs.uk,Polygender,91.238.194.232,,
465,Dalt,Bedenham,dbedenhamcw@cnbc.com,Non-binary,233.35.32.62,,
466,Parrnell,Lowten,plowtencx@ustream.tv,Genderqueer,151.172.45.238,Opela,Asian Indian
467,Terrill,McGragh,tmcgraghcy@yahoo.com,Genderfluid,0.18.224.117,,
468,Nathaniel,Beartup,nbeartupcz@springer.com,Genderqueer,58.106.177.203,Bytecard,Asian Indian
469,Idette,Canfield,icanfieldd0@wunderground.com,Polygender,101.254.85.44,Zoolab,Native Hawaiian
470,Shellie,Seaman,sseamand1@techcrunch.com,Bigender,25.203.35.95,Fix San,Costa Rican
471,Hebert,Jantel,hjanteld2@umn.edu,Male,41.8.95.52,Aerified,Vietnamese
472,Willie,Gilks,wgilksd3@oakley.com,Male,199.5.86.175,Span,Chinese
473,Desiree,Fentem,dfentemd4@ovh.net,Non-binary,124.143.158.159,Viva,Taiwanese
474,Adey,Butter,abutterd5@theatlantic.com,Female,80.212.231.70,Aerified,Cuban
475,Theo,Waddington,twaddingtond6@yahoo.com,Non-binary,66.88.201.71,Alphazap,Aleut
476,Erwin,Guiraud,eguiraudd7@tiny.cc,Female,218.131.88.216,Y-find,Paraguayan
477,Godard,De Bernardi,gdebernardid8@paginegialle.it,Non-binary,46.176.188.192,Fintone,Yakama
478,Hannie,Rouchy,hrouchyd9@ted.com,Agender,80.220.75.218,,
479,See,Pirkis,spirkisda@nymag.com,Female,191.48.160.77,,
480,Karon,Sheehan,ksheehandb@smh.com.au,Non-binary,127.36.242.122,,
481,Colette,Fetter,cfetterdc@yelp.com,Non-binary,211.200.13.129,Cardguard,Kiowa
482,Jacques,Wippermann,jwippermanndd@mozilla.com,Polygender,61.217.225.216,Matsoft,Panamanian
483,Burr,Kittredge,bkittredgede@unc.edu,Bigender,38.78.212.56,,
484,Courtney,Leeds,cleedsdf@cbslocal.com,Genderqueer,120.179.47.235,,
485,Clint,Place,cplacedg@netvibes.com,Agender,226.128.35.15,,
486,Oren,Ainge,oaingedh@mlb.com,Male,179.21.246.96,,
487,Merwyn,Toretta,mtorettadi@cbsnews.com,Genderfluid,224.63.139.225,,
488,Kizzie,Adamini,kadaminidj@ifeng.com,Polygender,138.45.106.28,Transcof,Cambodian
489,Caesar,Bubb,cbubbdk@mozilla.org,Agender,97.53.177.165,,
490,Odette,Virgoe,ovirgoedl@topsy.com,Male,11.177.243.148,,
491,Cello,Dannatt,cdannattdm@amazon.co.jp,Female,225.124.178.73,Zoolab,Central American
492,Elladine,Duchesne,educhesnedn@google.com.au,Bigender,254.134.216.181,Ventosanzap,Uruguayan
493,Quentin,Ginner,qginnerdo@admin.ch,Genderfluid,126.229.134.188,Rank,Cambodian
494,Amble,Ninotti,aninottidp@boston.com,Non-binary,157.222.13.82,Lotstring,Japanese
495,Berke,Dubery,bduberydq@irs.gov,Male,118.201.167.205,,
496,Gill,Clohisey,gclohiseydr@moonfruit.com,Female,16.250.10.27,,
497,Sascha,Feak,sfeakds@lulu.com,Polygender,142.88.57.224,Home Ing,American Indian and Alaska Native (AIAN)
498,Reinaldo,Redit,rreditdt@pagesperso-orange.fr,Bigender,82.212.231.160,,
499,Tailor,Orr,torrdu@comcast.net,Bigender,148.105.82.96,Flexidy,Chippewa
500,Odella,Grebner,ogrebnerdv@github.com,Genderqueer,166.185.76.111,Fixflex,Ecuadorian
501,Molly,Campelli,mcampellidw@tuttocitta.it,Agender,60.134.108.83,,
502,Merna,Ellwood,mellwooddx@artisteer.com,Bigender,188.55.157.45,Y-find,Tlingit-Haida
503,Katine,Newson,knewsondy@tinypic.com,Genderfluid,72.106.143.134,Fintone,Native Hawaiian
504,Alysia,Desbrow,adesbrowdz@deviantart.com,Genderqueer,182.81.146.66,Stim,Seminole
505,Johanna,Scotson,jscotsone0@theglobeandmail.com,Polygender,165.91.142.99,,
506,Hyacinthie,Shackesby,hshackesbye1@nbcnews.com,Female,80.165.56.59,,
507,Osbourne,Gradwell,ogradwelle2@simplemachines.org,Genderqueer,225.10.52.221,Cardguard,Japanese
508,Adrianna,Heisman,aheismane3@tripod.com,Non-binary,163.86.151.3,Home Ing,Malaysian
509,Bernardine,Jurzyk,bjurzyke4@amazon.com,Genderfluid,18.200.11.109,Overhold,Potawatomi
510,Valaria,Mushawe,vmushawee5@phoca.cz,Polygender,200.4.180.183,,
511,Henrieta,Perle,hperlee6@foxnews.com,Male,133.5.112.20,Viva,Choctaw
512,Vannie,Clayhill,vclayhille7@angelfire.com,Genderfluid,199.88.198.54,Mat Lam Tam,Guatemalan
513,Keane,Hise,khisee8@yahoo.co.jp,Male,178.114.238.139,Stim,Chilean
514,Godart,Tubridy,gtubridye9@youtu.be,Non-binary,204.110.2.20,Sonsing,Colville
515,Shelton,Bosley,sbosleyea@chron.com,Non-binary,7.71.85.219,Namfix,Alaska Native
516,Elaine,Galgey,egalgeyeb@cdc.gov,Bigender,4.121.94.196,Sonsing,Navajo
517,Bessy,Sille,bsilleec@weibo.com,Female,130.74.102.27,,
518,Melany,Swallow,mswallowed@elpais.com,Genderqueer,142.79.38.144,Domainer,Pima
519,Kirsteni,Drysdell,kdrysdellee@amazon.co.jp,Non-binary,33.78.173.3,,
520,Andrey,Shepley,ashepleyef@over-blog.com,Genderfluid,90.184.193.174,Wrapsafe,Chickasaw
521,Liza,Birdseye,lbirdseyeeg@answers.com,Genderfluid,105.103.82.159,Fixflex,Indonesian
522,Lucia,Prujean,lprujeaneh@cbslocal.com,Female,163.47.226.61,,
523,Saree,Dives,sdivesei@amazon.co.jp,Agender,42.242.253.52,,
524,Ralf,Beals,rbealsej@sogou.com,Genderfluid,245.50.63.15,Fix San,Chinese
525,Amanda,Tibbits,atibbitsek@mlb.com,Bigender,69.132.123.76,Voltsillam,Chickasaw
526,Fulton,Laybourne,flaybourneel@pen.io,Genderqueer,21.119.209.210,Treeflex,Uruguayan
527,Alvera,Aspey,aaspeyem@princeton.edu,Male,182.162.128.249,Namfix,Korean
528,Yolane,Wittman,ywittmanen@seesaa.net,Agender,64.170.188.17,Ventosanzap,Costa Rican
529,Cherise,Winsborrow,cwinsborroweo@pbs.org,Agender,16.134.108.59,Holdlamis,Creek
530,Noel,Dalley,ndalleyep@gravatar.com,Polygender,177.248.54.178,,
531,Boot,Priddey,bpriddeyeq@craigslist.org,Genderfluid,236.45.163.239,Sonair,Cambodian
532,Alleyn,Gooda,agoodaer@noaa.gov,Genderqueer,56.205.40.240,,
533,Hana,Pennigar,hpennigares@gravatar.com,Non-binary,82.87.111.194,,
534,Darrelle,Sisneros,dsisneroset@rambler.ru,Genderfluid,153.216.239.13,Y-find,Costa Rican
535,Corrie,Cleland,cclelandeu@youku.com,Agender,45.188.157.198,Stronghold,Hmong
536,Robinia,Levens,rlevensev@typepad.com,Female,255.48.11.156,Opela,Samoan
537,Donetta,Vase,dvaseew@twitpic.com,Bigender,114.24.206.140,,
538,Renelle,Durtnell,rdurtnellex@uol.com.br,Female,130.220.137.188,Domainer,Taiwanese
539,Schuyler,Cansdell,scansdelley@cpanel.net,Female,138.235.56.220,,
540,Bianka,Brierley,bbrierleyez@ifeng.com,Female,193.123.171.135,,
541,Zebulen,McMonies,zmcmoniesf0@constantcontact.com,Agender,41.142.69.37,,
542,Pate,Organer,porganerf1@deliciousdays.com,Male,147.215.214.7,Holdlamis,Central American
543,Mychal,Kestian,mkestianf2@home.pl,Genderfluid,202.46.155.64,Vagram,Colville
544,Judah,Driver,jdriverf3@yellowpages.com,Female,4.217.245.108,,
545,Vanda,Stinson,vstinsonf4@chronoengine.com,Genderfluid,13.170.236.174,Cookley,Sioux
546,Jessi,Handrahan,jhandrahanf5@digg.com,Polygender,137.194.224.89,Aerified,Indonesian
547,Candie,Candelin,ccandelinf6@soundcloud.com,Genderqueer,161.54.225.218,Pannier,Black or African American
548,Kellen,Heaney,kheaneyf7@hostgator.com,Genderqueer,167.228.155.8,,
549,Bibby,Algie,balgief8@epa.gov,Agender,185.171.75.94,Andalax,Native Hawaiian and Other Pacific Islander (NHPI)
550,Kaitlin,Bunyan,kbunyanf9@amazon.co.uk,Female,178.134.124.86,,
551,Teodoor,Byfield,tbyfieldfa@zimbio.com,Polygender,179.211.156.123,Redhold,Paraguayan
552,Guillema,O'Scollee,goscolleefb@amazonaws.com,Male,160.53.9.230,,
553,Abramo,Diprose,adiprosefc@google.co.uk,Bigender,160.167.195.162,Flexidy,Thai
554,Tessi,Tarn,ttarnfd@youtube.com,Genderqueer,102.112.212.126,Kanlam,Lumbee
555,Analise,Edmonson,aedmonsonfe@alibaba.com,Agender,122.196.214.202,Lotlux,Chilean
556,Francesca,Boak,fboakff@smh.com.au,Genderfluid,44.213.40.241,Opela,Korean
557,Aldridge,Kubicek,akubicekfg@zdnet.com,Polygender,222.244.195.132,Tresom,Cheyenne
558,Helaina,Stolberger,hstolbergerfh@apple.com,Bigender,186.211.164.11,Job,Salvadoran
559,Hector,Longbothom,hlongbothomfi@berkeley.edu,Polygender,16.170.113.91,Prodder,Pakistani
560,Tessa,Ramshay,tramshayfj@taobao.com,Genderqueer,131.198.189.173,,
561,Clemmie,Sandars,csandarsfk@so-net.ne.jp,Female,184.207.222.139,Zaam-Dox,Comanche
562,Zena,Ferfulle,zferfullefl@goodreads.com,Polygender,27.174.186.227,Stringtough,Malaysian
563,Ida,Smithin,ismithinfm@skyrock.com,Female,41.16.240.47,Zamit,Sri Lankan
564,Rolph,Grandin,rgrandinfn@abc.net.au,Polygender,205.65.48.76,,
565,Drew,Galliford,dgallifordfo@reverbnation.com,Agender,89.125.165.14,,
566,Cammie,Smewings,csmewingsfp@webeden.co.uk,Genderfluid,114.5.43.25,Cookley,Melanesian
567,Aldous,Whebell,awhebellfq@noaa.gov,Bigender,98.49.9.39,,
568,Alikee,McFarlan,amcfarlanfr@hugedomains.com,Genderfluid,208.107.73.50,Zaam-Dox,Asian
569,Rurik,Hallowes,rhallowesfs@java.com,Female,89.111.59.171,,
570,Sebastian,Campione,scampioneft@wiley.com,Male,246.98.144.98,Fixflex,Cherokee
571,Lynett,Enriques,lenriquesfu@about.me,Female,162.176.134.232,Tresom,Pima
572,Kaila,Mussard,kmussardfv@mozilla.com,Non-binary,255.158.110.22,Pannier,Native Hawaiian
573,Cleveland,Tatteshall,ctatteshallfw@uol.com.br,Non-binary,191.180.0.58,Home Ing,Chamorro
574,Franklin,Speeks,fspeeksfx@booking.com,Agender,151.244.124.87,Lotlux,Creek
575,Monro,Weiner,mweinerfy@dropbox.com,Genderqueer,200.186.187.213,Solarbreeze,Micronesian
576,Aldrich,Ambrodi,aambrodifz@time.com,Non-binary,98.197.119.194,,
577,Ebba,Fadden,efaddeng0@sogou.com,Genderqueer,78.203.239.253,Span,Fijian
578,Ara,Nangle,anangleg1@home.pl,Male,34.40.123.103,,
579,Hastings,MacRanald,hmacranaldg2@adobe.com,Male,129.22.2.190,,
580,Gigi,Cowitz,gcowitzg3@comcast.net,Genderqueer,233.196.35.37,Zathin,Cree
581,Sosanna,Boissieux,sboissieuxg4@usatoday.com,Polygender,129.6.69.172,Duobam,Pueblo
582,Selestina,Scrivens,sscrivensg5@google.co.uk,Agender,103.173.204.249,,
583,Winona,Madgwich,wmadgwichg6@edublogs.org,Agender,187.137.164.116,Treeflex,Comanche
584,Dela,Brade,dbradeg7@mediafire.com,Non-binary,198.190.191.57,Tres-Zap,Apache
585,Arlen,Boxall,aboxallg8@seesaa.net,Polygender,35.98.39.139,,
586,Axe,Tresise,atresiseg9@newsvine.com,Female,92.100.47.248,Sonair,Vietnamese
587,Jackquelin,Speerman,jspeermanga@xinhuanet.com,Agender,49.108.14.224,Namfix,Yaqui
588,Annabela,Jouannot,ajouannotgb@clickbank.net,Genderfluid,176.178.45.109,Zaam-Dox,Seminole
589,Travis,De Beauchemp,tdebeauchempgc@goo.gl,Polygender,120.18.83.227,Sonsing,Blackfeet
590,Portie,Taig,ptaiggd@ibm.com,Male,120.57.195.64,Home Ing,Tlingit-Haida
591,Jaymie,McCosh,jmccoshge@smh.com.au,Bigender,108.39.59.227,Zoolab,Crow
592,Gwynne,Lilleman,glillemangf@mashable.com,Bigender,70.174.98.247,Konklab,Nicaraguan
593,Aubrette,Lensch,alenschgg@examiner.com,Non-binary,170.159.103.156,,
594,Shayla,Ackenson,sackensongh@mozilla.com,Bigender,201.232.4.170,Greenlam,Ecuadorian
595,Leah,Ferrandez,lferrandezgi@harvard.edu,Female,232.172.225.63,Wrapsafe,Cree
596,Bendicty,Acum,bacumgj@tiny.cc,Non-binary,206.189.231.3,Mat Lam Tam,Yaqui
597,Shelley,Kell,skellgk@blogspot.com,Agender,146.148.26.92,Cardify,Iroquois
598,Auguste,Trevarthen,atrevarthengl@boston.com,Genderfluid,80.49.89.117,Andalax,Bolivian
599,Elliot,Bowra,ebowragm@gravatar.com,Genderqueer,164.26.240.33,Pannier,Sri Lankan
600,Megan,Fareweather,mfareweathergn@goo.gl,Male,42.16.10.145,Daltfresh,Japanese
601,Marcie,Collings,mcollingsgo@nature.com,Female,48.246.66.124,,
602,Enid,Ortiger,eortigergp@va.gov,Bigender,18.77.113.221,Y-Solowarm,Hmong
603,Jayne,Kencott,jkencottgq@pbs.org,Male,109.16.113.190,,
604,Devi,Corbett,dcorbettgr@freewebs.com,Non-binary,191.191.63.236,Cardify,Ottawa
605,Nikaniki,Sloley,nsloleygs@icq.com,Polygender,24.240.31.105,Stim,Seminole
606,Winonah,Boatwright,wboatwrightgt@homestead.com,Genderfluid,56.241.218.234,,
607,Verena,Schulken,vschulkengu@deliciousdays.com,Genderqueer,87.24.176.96,Vagram,Sri Lankan
608,Sosanna,Stancliffe,sstancliffegv@state.gov,Genderqueer,107.76.182.247,,
609,Tammy,Learmonth,tlearmonthgw@upenn.edu,Genderfluid,24.156.96.139,Transcof,Argentinian
610,Starr,Dreger,sdregergx@paypal.com,Polygender,187.120.226.219,Aerified,Latin American Indian
611,Jesse,Spottiswood,jspottiswoodgy@a8.net,Agender,208.169.138.217,,
612,Joy,Riccetti,jriccettigz@techcrunch.com,Female,191.91.43.101,Pannier,Apache
613,Aidan,Maass,amaassh0@google.fr,Male,253.63.116.109,,
614,Eolande,Billo,ebilloh1@woothemes.com,Genderfluid,25.226.90.70,Greenlam,Filipino
615,Michel,Berrow,mberrowh2@alibaba.com,Agender,105.154.32.11,,
616,Trevor,Doghartie,tdoghartieh3@nytimes.com,Female,54.239.242.74,,
617,Hartwell,McLevie,hmclevieh4@shutterfly.com,Female,118.6.252.244,Gembucket,Cheyenne
618,Ernest,Drieu,edrieuh5@timesonline.co.uk,Bigender,67.175.188.121,Lotstring,Asian Indian
619,Gearalt,Sey,gseyh6@wordpress.org,Genderfluid,185.66.106.14,Lotlux,Paraguayan
620,Celisse,Ivatts,civattsh7@taobao.com,Agender,228.247.94.236,Transcof,Lumbee
621,Guillemette,Willars,gwillarsh8@miitbeian.gov.cn,Bigender,61.121.147.118,,
622,Darrick,Ambrogini,dambroginih9@cocolog-nifty.com,Bigender,25.138.26.190,Stronghold,Blackfeet
623,Celestyn,Blasgen,cblasgenha@census.gov,Genderqueer,143.127.161.28,Stringtough,Salvadoran
624,Guilbert,Anthes,gantheshb@furl.net,Genderqueer,111.184.107.245,Daltfresh,Lumbee
625,Beverley,Batie,bbatiehc@bizjournals.com,Polygender,177.65.144.92,Bamity,Alaskan Athabascan
626,Melany,Decent,mdecenthd@google.fr,Female,179.228.9.228,Ronstring,Honduran
627,Calv,Mc Meekan,cmcmeekanhe@dropbox.com,Non-binary,209.62.43.128,,
628,Michelina,Fernley,mfernleyhf@goo.ne.jp,Genderfluid,242.215.244.185,,
629,Bartie,Langshaw,blangshawhg@wikimedia.org,Genderqueer,84.134.100.181,Wrapsafe,Thai
630,Caren,Shurrock,cshurrockhh@nature.com,Male,119.15.241.189,Flexidy,Malaysian
631,Cloris,Pancoust,cpancousthi@unblog.fr,Male,186.132.32.118,Fintone,Chickasaw
632,Al,Diment,adimenthj@github.com,Agender,72.192.75.36,,
633,Thaddus,Cubuzzi,tcubuzzihk@ustream.tv,Agender,252.141.23.66,Cookley,Filipino
634,Evyn,Ramberg,eramberghl@liveinternet.ru,Genderqueer,147.31.144.117,Andalax,Menominee
635,Fidela,Izak,fizakhm@dailymail.co.uk,Female,131.217.108.162,Rank,Guamanian
636,Joscelin,Rispin,jrispinhn@skyrock.com,Genderqueer,43.74.67.112,Span,Panamanian
637,Renato,Opdenort,ropdenortho@prweb.com,Non-binary,66.131.60.78,,
638,Jilli,Campling,jcamplinghp@ft.com,Male,87.108.191.195,Wrapsafe,Lumbee
639,Harmony,Clausen,hclausenhq@businessinsider.com,Polygender,25.244.72.133,Zathin,Chippewa
640,Ernestine,Longmead,elongmeadhr@nih.gov,Polygender,170.215.215.26,,
641,Geraldine,Bleas,gbleashs@sina.com.cn,Agender,218.1.45.60,Kanlam,Yaqui
642,Mark,Moncrieffe,mmoncrieffeht@zimbio.com,Non-binary,5.118.167.32,Sonsing,Guamanian
643,Dede,Fortun,dfortunhu@reference.com,Genderfluid,126.19.174.12,Tempsoft,Malaysian
644,Miner,Escale,mescalehv@technorati.com,Female,235.164.194.238,Veribet,Melanesian
645,Frankie,Mockes,fmockeshw@bbb.org,Female,227.103.80.48,Rank,American Indian and Alaska Native (AIAN)
646,Aloysius,Sirey,asireyhx@dyndns.org,Bigender,181.39.37.22,Vagram,Malaysian
647,Carmine,Nazaret,cnazarethy@yelp.com,Male,191.69.23.133,,
648,Ingar,Balfour,ibalfourhz@github.com,Agender,46.219.27.142,Tampflex,Japanese
649,Casper,Skentelbery,cskentelberyi0@nifty.com,Genderqueer,0.110.236.29,Subin,Vietnamese
650,Ives,Sailor,isailori1@biblegateway.com,Female,230.204.100.76,Otcom,Taiwanese
651,Nikki,Pottage,npottagei2@walmart.com,Bigender,19.188.238.234,,
652,Olive,Behling,obehlingi3@house.gov,Polygender,187.30.158.162,Flexidy,Yakama
653,Desi,Race,dracei4@tinypic.com,Non-binary,248.129.83.133,Zathin,Bangladeshi
654,Jolene,Iddenden,jiddendeni5@answers.com,Genderqueer,175.232.85.210,,
655,Micheil,Gelling,mgellingi6@ning.com,Polygender,99.80.186.129,,
656,Irv,Borrie,iborriei7@reverbnation.com,Genderfluid,149.102.65.115,,
657,Marlowe,Mildenhall,mmildenhalli8@cyberchimps.com,Agender,201.202.250.60,Mat Lam Tam,Costa Rican
658,Matty,Sime,msimei9@reverbnation.com,Male,148.86.96.202,Zontrax,Puget Sound Salish
659,Corabel,Duffan,cduffania@ibm.com,Polygender,161.113.102.157,Sonair,American Indian
660,Reinaldo,Rallin,rrallinib@engadget.com,Genderqueer,180.152.11.197,Bytecard,Chinese
661,Onfre,Sandeman,osandemanic@deviantart.com,Male,4.235.187.196,Konklab,Eskimo
662,Meggi,Barracks,mbarracksid@aol.com,Non-binary,36.229.242.165,Fixflex,Kiowa
663,Wadsworth,Duddell,wduddellie@slashdot.org,Polygender,135.221.210.253,,
664,Kaleb,Plain,kplainif@unicef.org,Bigender,212.19.62.144,Cardify,Polynesian
665,Natalie,Ondrich,nondrichig@cbsnews.com,Female,219.30.247.105,Latlux,Tohono O'Odham
666,Elsworth,Polding,epoldingih@hostgator.com,Genderfluid,235.15.16.246,Vagram,Chinese
667,Sarina,Trower,strowerii@cbc.ca,Agender,179.70.102.170,,
668,Correy,Baldree,cbaldreeij@wikimedia.org,Bigender,121.3.82.5,Regrant,Taiwanese
669,Dusty,Wynne,dwynneik@canalblog.com,Agender,23.243.201.78,,
670,Caro,Conibear,cconibearil@mozilla.org,Non-binary,120.161.195.178,,
671,Yale,Morena,ymorenaim@intel.com,Female,123.143.229.94,Cardify,Korean
672,Dorice,Basterfield,dbasterfieldin@hubpages.com,Male,46.48.1.59,Overhold,Nicaraguan
673,Arliene,Toward,atowardio@dailymail.co.uk,Non-binary,126.68.129.119,Otcom,Hmong
674,Ricoriki,Gartrell,rgartrellip@reddit.com,Polygender,243.0.181.132,Holdlamis,Paiute
675,Holly-anne,Stronack,hstronackiq@japanpost.jp,Agender,143.110.145.15,Viva,Korean
676,Bea,Glasscock,bglasscockir@google.pl,Bigender,254.71.202.124,Stim,Hmong
677,Novelia,Mowsdale,nmowsdaleis@bbb.org,Agender,57.219.65.220,,
678,Linoel,Barends,lbarendsit@nba.com,Polygender,42.119.132.249,Andalax,Laotian
679,Nicholas,Scrowton,nscrowtoniu@about.com,Bigender,149.198.222.80,Bamity,Osage
680,Guthrey,Smaleman,gsmalemaniv@1688.com,Agender,99.190.54.124,Keylex,Native Hawaiian and Other Pacific Islander (NHPI)
681,Yorgo,Olkowicz,yolkowicziw@epa.gov,Male,225.123.71.217,,
682,Blondell,Ridgers,bridgersix@marriott.com,Bigender,159.105.254.16,,
683,Aldo,Jencey,ajenceyiy@senate.gov,Agender,110.180.36.56,,
684,Ky,Harrigan,kharriganiz@meetup.com,Polygender,188.190.14.48,Stronghold,American Indian and Alaska Native (AIAN)
685,Dale,Warburton,dwarburtonj0@businessinsider.com,Genderqueer,6.173.88.80,,
686,Jacklyn,Flew,jflewj1@acquirethisname.com,Bigender,156.9.30.178,Tempsoft,Bolivian
687,Marwin,MacAulay,mmacaulayj2@xing.com,Female,221.64.68.172,,
688,Brianne,Catlow,bcatlowj3@deliciousdays.com,Genderfluid,218.139.179.216,Fix San,Japanese
689,Hannis,Groombridge,hgroombridgej4@google.nl,Male,228.114.253.146,Lotstring,Native Hawaiian
690,Junette,Pigne,jpignej5@amazonaws.com,Agender,127.105.107.63,Asoka,Asian Indian
691,Xylina,Trethowan,xtrethowanj6@soundcloud.com,Genderfluid,37.224.83.55,Aerified,Panamanian
692,Bo,Jiggen,bjiggenj7@webeden.co.uk,Genderqueer,171.167.22.52,Voyatouch,Black or African American
693,Selma,Vobes,svobesj8@tumblr.com,Bigender,170.95.172.118,Bigtax,Bolivian
694,Patty,Conor,pconorj9@abc.net.au,Bigender,204.24.207.157,Lotlux,Iroquois
695,Joyous,Zimmermanns,jzimmermannsja@mapquest.com,Female,164.163.90.215,,
696,Codie,Brockley,cbrockleyjb@last.fm,Genderqueer,55.142.140.6,Flexidy,Ottawa
697,Dorian,Patterson,dpattersonjc@privacy.gov.au,Genderqueer,71.32.120.187,,
698,Zacharia,Blasetti,zblasettijd@princeton.edu,Genderqueer,90.168.124.74,Kanlam,Blackfeet
699,Katerina,Veldstra,kveldstraje@gizmodo.com,Agender,83.214.180.24,Latlux,Osage
700,Micky,Pourvoieur,mpourvoieurjf@fotki.com,Non-binary,172.137.87.179,It,Comanche
701,Nadya,McBean,nmcbeanjg@adobe.com,Female,115.247.135.244,Opela,Argentinian
702,Gladi,Tyzack,gtyzackjh@yellowpages.com,Polygender,243.156.36.80,Bigtax,Peruvian
703,Carly,Tallowin,ctallowinji@patch.com,Non-binary,185.63.57.207,Zontrax,Ute
704,Tallie,Veivers,tveiversjj@berkeley.edu,Female,10.89.235.154,Biodex,Puget Sound Salish
705,Mercie,Anelay,manelayjk@furl.net,Agender,30.186.212.116,Zoolab,Chilean
706,Wynny,Bartolomeoni,wbartolomeonijl@sciencedaily.com,Female,241.139.61.6,Holdlamis,Sri Lankan
707,Andros,Dady,adadyjm@who.int,Female,247.101.152.144,,
708,Mareah,Loder,mloderjn@webs.com,Polygender,22.29.143.199,Asoka,Ecuadorian
709,Lona,Novakovic,lnovakovicjo@blogspot.com,Genderqueer,66.83.78.156,,
710,Karoly,Ferriman,kferrimanjp@facebook.com,Genderfluid,98.246.30.170,,
711,Anetta,Lorman,alormanjq@multiply.com,Genderfluid,163.95.162.36,,
712,Lev,Catterill,lcatterilljr@amazon.com,Agender,96.160.35.3,,
713,Jessica,Cavey,jcaveyjs@wordpress.org,Agender,126.69.90.52,Zontrax,Colville
714,Elisabetta,Bourges,ebourgesjt@edublogs.org,Genderfluid,17.139.22.205,Greenlam,Paraguayan
715,Garwood,Jentle,gjentleju@adobe.com,Male,70.101.137.41,,
716,Maude,Lyte,mlytejv@cpanel.net,Bigender,38.51.59.130,Prodder,Black or African American
717,Gertie,Avramovic,gavramovicjw@soundcloud.com,Agender,219.83.116.149,Regrant,Kiowa
718,Obadias,Le Breton De La Vieuville,olebretondelavieuvillejx@myspace.com,Bigender,180.180.50.188,Lotstring,Fijian
719,Jeane,Yarrall,jyarralljy@toplist.cz,Female,94.236.58.137,,
720,Kathie,Demeza,kdemezajz@imdb.com,Female,118.184.221.0,Namfix,Ottawa
721,Judith,Croley,jcroleyk0@typepad.com,Female,217.145.32.145,Opela,Paraguayan
722,Lucias,Strutt,lstruttk1@edublogs.org,Male,206.66.195.216,,
723,Nathanial,Bool,nboolk2@archive.org,Non-binary,146.5.222.121,Flowdesk,Lumbee
724,Dean,Round,droundk3@jalbum.net,Female,155.233.110.199,,
725,Silvester,Jizhaki,sjizhakik4@slideshare.net,Bigender,230.173.104.39,Home Ing,Pima
726,Loy,Devenish,ldevenishk5@freewebs.com,Non-binary,168.239.1.104,Mat Lam Tam,Cuban
727,Douglas,Chatband,dchatbandk6@hibu.com,Genderfluid,63.107.239.67,Cardguard,Korean
728,Dodie,Comazzo,dcomazzok7@joomla.org,Non-binary,74.62.70.55,Sub-Ex,Kiowa
729,Roddie,Nozzolii,rnozzoliik8@ebay.com,Genderfluid,79.228.137.129,Bytecard,Creek
730,Chickie,Mum,cmumk9@fotki.com,Genderqueer,225.225.59.130,Lotstring,Spaniard
731,Melany,Oldknow,moldknowka@com.com,Genderfluid,58.30.195.1,Matsoft,Asian
732,Waldemar,Wrassell,wwrassellkb@zdnet.com,Female,74.167.2.25,Flexidy,Asian
733,Vernen,Killich,vkillichkc@lycos.com,Non-binary,120.154.150.44,Voyatouch,Hmong
734,Colly,Myderscough,cmyderscoughkd@dion.ne.jp,Male,81.246.226.249,Zamit,Peruvian
735,Skippy,Melonby,smelonbyke@topsy.com,Bigender,144.146.16.124,Tresom,Alaska Native
736,Trista,Jardin,tjardinkf@apache.org,Non-binary,15.217.136.195,Bytecard,Costa Rican
737,Archibaldo,Phetteplace,aphetteplacekg@census.gov,Genderqueer,59.34.111.133,Ventosanzap,Seminole
738,Teddie,Palatini,tpalatinikh@house.gov,Genderqueer,91.176.132.190,Tampflex,Osage
739,Wally,Bricksey,wbrickseyki@youtube.com,Polygender,142.117.68.145,,
740,Vikky,Gurge,vgurgekj@google.pl,Male,1.211.216.79,Toughjoyfax,Ute
741,Bert,Haggar,bhaggarkk@nps.gov,Non-binary,237.175.37.164,Quo Lux,Spaniard
742,Artie,Petracchi,apetracchikl@house.gov,Genderqueer,154.234.187.190,,
743,Ludvig,McCleod,lmccleodkm@google.it,Male,143.157.163.146,Ronstring,Peruvian
744,Norri,Kauffman,nkauffmankn@weibo.com,Bigender,202.46.191.39,Alpha,Cheyenne
745,Walton,Barker,wbarkerko@alibaba.com,Polygender,120.47.206.166,,
746,Udale,Itzakson,uitzaksonkp@yolasite.com,Agender,156.190.81.207,Tempsoft,Apache
747,Aeriel,Colquite,acolquitekq@sitemeter.com,Bigender,55.177.105.236,Biodex,Colombian
748,Alain,McWilliams,amcwilliamskr@icq.com,Female,52.19.173.12,Bitchip,Potawatomi
749,Francisco,Westlake,fwestlakeks@tripod.com,Bigender,163.77.90.116,Voyatouch,Pakistani
750,Werner,Stockin,wstockinkt@wisc.edu,Polygender,253.65.101.154,Treeflex,Shoshone
751,Ewen,Shah,eshahku@springer.com,Non-binary,112.17.107.16,Voyatouch,Houma
752,Margi,Fetters,mfetterskv@home.pl,Genderqueer,154.20.247.27,Rank,Guatemalan
753,Anne-corinne,Thormann,athormannkw@trellian.com,Polygender,164.53.172.6,,
754,Tristan,Stenning,tstenningkx@ebay.com,Bigender,19.52.8.53,Namfix,Melanesian
755,Aldous,Gilding,agildingky@shop-pro.jp,Bigender,4.242.73.33,Domainer,Navajo
756,Roby,Whitworth,rwhitworthkz@ebay.com,Agender,51.159.99.156,,
757,Muffin,Temblett,mtemblettl0@ask.com,Genderfluid,238.141.144.238,Gembucket,Seminole
758,Anton,Seman,asemanl1@census.gov,Agender,226.14.45.207,,
759,Ashely,Minshall,aminshalll2@surveymonkey.com,Genderqueer,56.2.248.134,Temp,Cherokee
760,Emogene,Douch,edouchl3@ask.com,Bigender,175.82.9.61,Bitchip,Cree
761,Jason,Romagnosi,jromagnosil4@wix.com,Genderfluid,100.189.249.148,,
762,Mirabelle,Tarbox,mtarboxl5@techcrunch.com,Agender,155.128.92.4,Zoolab,Yuman
763,Elie,Ramble,eramblel6@ucsd.edu,Female,6.68.88.21,,
764,Jodie,Malenfant,jmalenfantl7@jiathis.com,Male,105.25.71.141,Zoolab,Tlingit-Haida
765,Laurice,Ruperto,lrupertol8@vistaprint.com,Polygender,4.157.148.222,Opela,Chamorro
766,Louisette,Caveill,lcaveilll9@istockphoto.com,Genderqueer,180.245.178.192,,
767,Fraser,Varker,fvarkerla@ezinearticles.com,Genderfluid,187.167.132.66,Temp,Native Hawaiian
768,Abagael,De Few,adefewlb@ezinearticles.com,Agender,39.231.184.10,,
769,Bale,Cowderay,bcowderaylc@odnoklassniki.ru,Non-binary,117.162.72.11,,
770,Burlie,McLeman,bmclemanld@slate.com,Female,146.108.32.30,Temp,Comanche
771,Kirbie,Radbond,kradbondle@cam.ac.uk,Genderfluid,249.203.27.253,,
772,Whitney,Zanettini,wzanettinilf@netlog.com,Agender,123.23.219.226,Span,Yuman
773,Colby,Skellorne,cskellornelg@sina.com.cn,Genderqueer,165.114.227.119,,
774,Christye,Jurgen,cjurgenlh@alibaba.com,Polygender,228.116.248.131,Voyatouch,Aleut
775,Andrea,Readwin,areadwinli@woothemes.com,Agender,248.218.166.57,Domainer,Choctaw
776,Rikki,Peskin,rpeskinlj@is.gd,Female,205.79.160.133,Keylex,Eskimo
777,Bathsheba,Bonnier,bbonnierlk@timesonline.co.uk,Non-binary,22.96.211.121,Voltsillam,Fijian
778,Robbyn,Wherton,rwhertonll@plala.or.jp,Agender,237.83.170.255,Y-find,Menominee
779,Berte,Kehri,bkehrilm@simplemachines.org,Agender,17.56.135.1,,
780,Merill,Whitney,mwhitneyln@seesaa.net,Female,71.46.121.106,It,Argentinian
781,Cybill,Dalgleish,cdalgleishlo@va.gov,Male,38.208.176.22,,
782,Ulysses,Fourman,ufourmanlp@sphinn.com,Genderfluid,236.233.247.118,Biodex,Hmong
783,Corey,Tezure,ctezurelq@si.edu,Genderqueer,183.122.2.112,,
784,Phaedra,Cluckie,pcluckielr@nps.gov,Genderqueer,88.169.76.236,Veribet,Iroquois
785,Guthrey,Cardoo,gcardools@last.fm,Female,244.231.179.230,Sonsing,Hmong
786,Tamera,Oby,tobylt@blinklist.com,Male,184.115.7.8,,
787,Calley,Dickey,cdickeylu@deviantart.com,Agender,252.156.81.248,,
788,Clerissa,Haibel,chaibellv@quantcast.com,Genderqueer,59.33.165.224,Zamit,Potawatomi
789,Carleton,Schaffel,cschaffellw@smh.com.au,Bigender,175.190.47.43,Bitchip,Pima
790,Shel,Conerding,sconerdinglx@angelfire.com,Male,179.253.75.219,Latlux,Black or African American
791,Sergei,Kingaby,skingabyly@msn.com,Genderqueer,231.227.105.10,Lotstring,Houma
792,Adel,Stranaghan,astranaghanlz@mapy.cz,Agender,224.232.142.108,Overhold,Apache
793,Henrik,Pruckner,hprucknerm0@ucoz.ru,Agender,76.181.81.113,Alphazap,South American
794,Georgine,Meaking,gmeakingm1@people.com.cn,Polygender,179.232.23.29,Konklux,Ecuadorian
795,Grenville,Fenny,gfennym2@mapy.cz,Male,74.204.118.98,Holdlamis,Delaware
796,Renaldo,Wollaston,rwollastonm3@unblog.fr,Bigender,121.154.49.240,Flexidy,Sioux
797,Lelia,Jachimak,ljachimakm4@istockphoto.com,Non-binary,216.117.49.231,Stringtough,Paraguayan
798,Ninetta,O' Meara,nomearam5@ed.gov,Female,164.131.233.56,Ventosanzap,Dominican (Dominican Republic)
799,Rhea,Culbert,rculbertm6@clickbank.net,Agender,225.26.43.234,Duobam,Paraguayan
800,Hakeem,Jukes,hjukesm7@google.nl,Agender,127.42.153.254,Flexidy,Apache
801,Amitie,Reed,areedm8@stanford.edu,Genderqueer,124.60.168.102,Andalax,Cambodian
802,Rena,Edbrooke,redbrookem9@eepurl.com,Agender,1.101.241.50,Ronstring,Kiowa
803,Barnard,Poynor,bpoynorma@google.pl,Agender,31.219.226.176,Cookley,White
804,Angelita,Meekin,ameekinmb@imageshack.us,Genderqueer,189.25.195.186,Cardguard,Indonesian
805,Sherwynd,Hadland,shadlandmc@exblog.jp,Non-binary,181.103.97.185,,
806,Bradley,Priestman,bpriestmanmd@chronoengine.com,Male,48.36.81.45,Redhold,Seminole
807,Willi,Bates,wbatesme@latimes.com,Polygender,156.128.221.187,Tampflex,Salvadoran
808,Dena,Plenderleith,dplenderleithmf@upenn.edu,Agender,66.139.182.78,Stringtough,Crow
809,Ricki,Hamshere,rhamsheremg@paginegialle.it,Agender,88.158.140.5,Fixflex,Black or African American
810,Eada,Benning,ebenningmh@comcast.net,Polygender,172.186.115.146,Keylex,Ottawa
811,Salvador,Coe,scoemi@rediff.com,Non-binary,88.88.210.142,Overhold,Comanche
812,Asher,Mowlam,amowlammj@tamu.edu,Polygender,249.172.53.110,,
813,Lavena,Maund,lmaundmk@usnews.com,Bigender,14.252.46.75,,
814,Hernando,Seed,hseedml@yellowbook.com,Agender,234.148.135.47,,
815,Allard,Farquar,afarquarmm@taobao.com,Male,239.189.221.215,Cardguard,Ecuadorian
816,Stinky,Hellwing,shellwingmn@facebook.com,Agender,86.44.122.252,,
817,Elihu,Urpeth,eurpethmo@usda.gov,Non-binary,182.222.153.163,Rank,Argentinian
818,Johny,Ruse,jrusemp@economist.com,Genderfluid,3.222.75.38,Bitwolf,Ottawa
819,Harry,Lenden,hlendenmq@abc.net.au,Female,96.57.139.44,Latlux,Alaska Native
820,Staford,McCree,smccreemr@biglobe.ne.jp,Female,194.78.230.18,Alpha,Bolivian
821,Erica,Derycot,ederycotms@tuttocitta.it,Genderfluid,145.22.6.43,,
822,Kyle,Nears,knearsmt@weather.com,Male,180.10.31.180,Fixflex,Creek
823,Jerry,Jeanel,jjeanelmu@cocolog-nifty.com,Bigender,21.215.50.110,,
824,Rube,Bass,rbassmv@pcworld.com,Genderfluid,212.70.246.186,Flexidy,Paraguayan
825,Reeba,Whaplington,rwhaplingtonmw@ebay.co.uk,Female,208.214.139.169,Stim,Micronesian
826,Cristi,Whittle,cwhittlemx@php.net,Male,2.24.169.180,Job,Japanese
827,Colin,Steers,csteersmy@bluehost.com,Non-binary,153.145.134.172,Span,Comanche
828,Maurita,Palethorpe,mpalethorpemz@fc2.com,Genderqueer,184.249.46.160,,
829,Shelagh,Zwicker,szwickern0@boston.com,Genderqueer,169.34.227.116,Konklux,Cuban
830,Kahaleel,Bourthoumieux,kbourthoumieuxn1@thetimes.co.uk,Male,106.101.131.178,,
831,Alecia,Gillease,agilleasen2@mtv.com,Bigender,102.101.25.196,Keylex,Asian
832,Ari,Drinkwater,adrinkwatern3@webeden.co.uk,Female,180.104.161.153,Viva,Puget Sound Salish
833,Davina,Mendus,dmendusn4@last.fm,Genderfluid,71.122.194.216,Veribet,Cherokee
834,Janeczka,Roelofsen,jroelofsenn5@google.pl,Genderqueer,241.146.244.54,,
835,Lisabeth,Feak,lfeakn6@shutterfly.com,Non-binary,93.35.30.158,Konklux,Indonesian
836,Bess,Geering,bgeeringn7@utexas.edu,Bigender,120.195.97.203,,
837,Devin,Doubleday,ddoubledayn8@theguardian.com,Female,32.83.169.211,Opela,Bangladeshi
838,Gratia,Prantl,gprantln9@is.gd,Male,2.105.55.193,Zaam-Dox,Cherokee
839,Sarah,Ivanchin,sivanchinna@usgs.gov,Non-binary,53.220.212.46,,
840,Bordy,McKenzie,bmckenzienb@apache.org,Genderfluid,104.218.76.237,Cardify,Salvadoran
841,Jennie,Silversmid,jsilversmidnc@parallels.com,Polygender,33.235.231.39,Keylex,Black or African American
842,Farley,Ferrieres,fferrieresnd@e-recht24.de,Bigender,113.141.51.230,Tempsoft,Cheyenne
843,Jackie,Solomon,jsolomonne@phpbb.com,Non-binary,201.215.45.210,Bitwolf,Creek
844,Zaccaria,Telezhkin,ztelezhkinnf@prweb.com,Agender,80.220.155.51,,
845,Murdock,Jaggard,mjaggardng@trellian.com,Genderqueer,201.232.199.151,,
846,Georgy,Ickovic,gickovicnh@state.gov,Genderqueer,44.80.84.13,Toughjoyfax,Shoshone
847,Wally,Arnaudot,warnaudotni@ovh.net,Male,213.12.47.54,Lotstring,Shoshone
848,Meyer,Gyse,mgysenj@smh.com.au,Male,3.43.236.96,,
849,Elora,Crosher,ecroshernk@furl.net,Polygender,92.39.246.62,Tin,Bolivian
850,Fidela,Brik,fbriknl@hostgator.com,Agender,195.124.117.153,Duobam,Samoan
851,Illa,Roblett,iroblettnm@sbwire.com,Polygender,111.20.153.16,Domainer,Sioux
852,Titos,Laugier,tlaugiernn@hostgator.com,Male,7.66.90.253,Rank,Polynesian
853,Olivette,Habershon,ohabershonno@auda.org.au,Non-binary,83.155.203.220,Fix San,Chilean
854,Nicol,Dunlea,ndunleanp@mac.com,Non-binary,158.14.29.123,Cookley,Cuban
855,Horace,Giacobillo,hgiacobillonq@vk.com,Non-binary,55.27.148.63,,
856,Marietta,Tonnesen,mtonnesennr@foxnews.com,Male,218.117.65.207,,
857,Bink,Tuhy,btuhyns@blogs.com,Male,7.28.255.112,Namfix,Comanche
858,Tanitansy,Maneylaws,tmaneylawsnt@instagram.com,Bigender,163.36.6.235,Wrapsafe,Navajo
859,Brina,Sproul,bsproulnu@constantcontact.com,Bigender,39.209.136.239,,
860,Sergio,Strahan,sstrahannv@reddit.com,Female,139.141.119.81,Y-Solowarm,Costa Rican
861,Skye,Cheltnam,scheltnamnw@aboutads.info,Genderfluid,235.98.187.168,Konklab,Alaska Native
862,Hulda,Kainz,hkainznx@irs.gov,Genderqueer,233.84.254.86,Cardify,Sioux
863,Yasmin,Chetwind,ychetwindny@amazon.co.jp,Genderqueer,74.206.151.56,Redhold,Navajo
864,Austin,Cordero,acorderonz@acquirethisname.com,Bigender,135.63.233.125,Prodder,Navajo
865,Jelene,Marchington,jmarchingtono0@flavors.me,Bigender,171.245.64.243,,
866,Gussie,Braunlein,gbraunleino1@example.com,Male,38.80.243.218,Daltfresh,Kiowa
867,Benyamin,Bowlands,bbowlandso2@bizjournals.com,Male,162.40.68.166,Tres-Zap,Asian
868,Kerstin,Daffey,kdaffeyo3@taobao.com,Male,23.71.233.5,Duobam,Tongan
869,Milzie,Elmar,melmaro4@spotify.com,Bigender,127.122.44.109,,
870,Barrie,Haugh,bhaugho5@rakuten.co.jp,Bigender,148.17.180.249,,
871,Krissie,Jaze,kjazeo6@github.io,Male,109.3.163.210,Lotstring,Guatemalan
872,Norrie,Skahill,nskahillo7@networksolutions.com,Genderfluid,114.182.172.5,Bigtax,Native Hawaiian
873,Hetty,De Dei,hdedeio8@people.com.cn,Bigender,193.169.52.57,,
874,Randell,Asken,raskeno9@i2i.jp,Polygender,152.144.11.246,Stringtough,Cheyenne
875,Bob,Quantick,bquantickoa@livejournal.com,Genderfluid,8.4.13.171,Fixflex,Fijian
876,Cecil,Pina,cpinaob@patch.com,Male,232.193.215.70,Trippledex,Panamanian
877,Brena,Dewdney,bdewdneyoc@marriott.com,Genderfluid,104.230.103.188,Temp,Pueblo
878,Mireielle,Fossett,mfossettod@stanford.edu,Female,220.171.142.69,,
879,Forester,Skeldinge,fskeldingeoe@elegantthemes.com,Agender,51.117.246.29,,
880,Donna,Soames,dsoamesof@homestead.com,Male,217.165.155.88,Bitchip,Sri Lankan
881,Anselm,Brithman,abrithmanog@google.ca,Female,207.18.198.116,Aerified,Chinese
882,Lucinda,Monget,lmongetoh@rakuten.co.jp,Polygender,13.87.81.69,,
883,Cirstoforo,Scanlin,cscanlinoi@dyndns.org,Female,80.163.227.208,,
884,Dedie,Hutchens,dhutchensoj@blinklist.com,Non-binary,165.183.47.100,,
885,Grace,Cassell,gcassellok@tripod.com,Agender,97.160.100.120,Cardguard,Chippewa
886,Wolfgang,Towell,wtowellol@instagram.com,Female,20.46.34.134,Biodex,Chickasaw
887,Job,Trass,jtrassom@spiegel.de,Male,32.26.4.40,,
888,Hagen,McCarrick,hmccarrickon@ca.gov,Female,175.84.171.139,Daltfresh,Costa Rican
889,Drucy,Salzberg,dsalzbergoo@army.mil,Agender,237.167.193.196,Duobam,Panamanian
890,Amby,Kettlesing,akettlesingop@usa.gov,Genderqueer,154.207.102.109,Konklab,Delaware
891,Aaren,Pere,apereoq@wikispaces.com,Bigender,30.212.113.46,Asoka,Colombian
892,Caitrin,Whatling,cwhatlingor@youku.com,Male,192.135.122.128,,
893,Gilli,Currey,gcurreyos@joomla.org,Genderfluid,180.143.158.80,,
894,Vitia,Witherby,vwitherbyot@rediff.com,Non-binary,144.98.55.251,,
895,Dorthea,Margaritelli,dmargaritelliou@nsw.gov.au,Male,135.51.82.82,Voltsillam,Chickasaw
896,Margarette,Reid,mreidov@goo.ne.jp,Non-binary,175.105.145.0,Bitwolf,White
897,Harri,Cragoe,hcragoeow@walmart.com,Polygender,176.86.17.122,Temp,Spaniard
898,Simeon,Berridge,sberridgeox@google.nl,Male,245.194.54.122,Viva,Pima
899,Pierette,Fullerton,pfullertonoy@google.pl,Polygender,52.190.153.40,Voltsillam,Indonesian
900,Kaile,Hellcat,khellcatoz@yahoo.com,Genderqueer,213.24.191.12,Sonair,Spaniard
901,Cassondra,Patria,cpatriap0@surveymonkey.com,Agender,11.202.17.115,Wrapsafe,Chinese
902,Chane,McDirmid,cmcdirmidp1@symantec.com,Male,18.16.237.155,Span,Samoan
903,Melisse,Aldersea,malderseap2@ebay.com,Bigender,242.193.115.216,Temp,Black or African American
904,Adoree,Sollime,asollimep3@taobao.com,Agender,97.183.220.175,,
905,Gare,Scotford,gscotfordp4@ovh.net,Polygender,118.255.86.97,Aerified,Venezuelan
906,Giff,Sandey,gsandeyp5@youtu.be,Non-binary,128.124.186.30,,
907,Coleman,Geratt,cgerattp6@issuu.com,Polygender,201.175.186.203,Home Ing,Asian
908,Ronda,Stopp,rstoppp7@spotify.com,Bigender,182.150.168.139,,
909,Yank,Libero,yliberop8@cbc.ca,Polygender,242.234.199.215,,
910,Artair,Treleaven,atreleavenp9@ustream.tv,Bigender,143.165.77.13,Alpha,Yaqui
911,Lucia,Starbeck,lstarbeckpa@pbs.org,Bigender,22.201.185.120,,
912,Cobby,Hansell,chansellpb@miibeian.gov.cn,Agender,76.240.101.235,Bamity,Laotian
913,Rochelle,Mithon,rmithonpc@npr.org,Non-binary,221.215.60.7,Holdlamis,Peruvian
914,Nathaniel,Digg,ndiggpd@ebay.co.uk,Female,225.53.238.196,,
915,Kermy,Hove,khovepe@gov.uk,Female,232.136.208.0,Aerified,Alaska Native
916,Alanna,Croyser,acroyserpf@newyorker.com,Female,228.252.254.196,,
917,Merry,Burchett,mburchettpg@fema.gov,Bigender,85.152.176.159,Alphazap,Asian Indian
918,Borg,Beneix,bbeneixph@nydailynews.com,Agender,234.81.112.142,Bamity,Black or African American
919,Tan,Hrihorovich,thrihorovichpi@chicagotribune.com,Agender,49.88.170.85,,
920,Rosemaria,Hendrik,rhendrikpj@tripod.com,Genderqueer,105.246.195.103,,
921,Horace,Swannie,hswanniepk@reuters.com,Genderqueer,66.155.60.30,Cardguard,Salvadoran
922,Vannie,Hindhaugh,vhindhaughpl@cornell.edu,Non-binary,252.65.18.34,,
923,Paulina,Sorbey,psorbeypm@auda.org.au,Male,144.37.39.181,,
924,Seward,Errey,serreypn@elpais.com,Bigender,215.161.58.208,Trippledex,Iroquois
925,Fredericka,Leeb,fleebpo@unicef.org,Polygender,104.245.63.101,Lotlux,Taiwanese
926,Kristyn,Lundbeck,klundbeckpp@bloglovin.com,Agender,254.170.52.215,Andalax,Seminole
927,Bartlett,Conrad,bconradpq@ezinearticles.com,Genderfluid,214.219.40.177,Zontrax,Mexican
928,Dina,Merill,dmerillpr@soup.io,Male,194.203.38.217,,
929,Merrily,Menendes,mmenendesps@pen.io,Polygender,185.196.148.216,Sub-Ex,American Indian
930,Ramon,Mougel,rmougelpt@cocolog-nifty.com,Non-binary,144.216.131.229,Trippledex,Dominican (Dominican Republic)
931,Debee,Rouchy,drouchypu@constantcontact.com,Genderqueer,47.216.241.236,,
932,Roxine,Lockie,rlockiepv@liveinternet.ru,Genderfluid,86.65.144.87,Fix San,Tlingit-Haida
933,Quentin,Cronshaw,qcronshawpw@list-manage.com,Genderqueer,200.36.89.194,Stringtough,Paraguayan
934,Doti,List,dlistpx@stumbleupon.com,Non-binary,72.245.101.116,Bitwolf,Paiute
935,Aretha,Swindlehurst,aswindlehurstpy@yellowbook.com,Bigender,177.2.62.56,Fixflex,Pueblo
936,Noellyn,Fragino,nfraginopz@biglobe.ne.jp,Agender,222.36.117.200,Veribet,Dominican (Dominican Republic)
937,Lonna,Musterd,lmusterdq0@engadget.com,Polygender,59.34.151.102,Keylex,Dominican (Dominican Republic)
938,Kelley,Hemms,khemmsq1@addtoany.com,Genderfluid,177.156.147.238,,
939,Grayce,Piatti,gpiattiq2@ameblo.jp,Agender,49.222.17.241,,
940,Cher,Tineman,ctinemanq3@virginia.edu,Genderfluid,102.225.99.173,Stringtough,Polynesian
941,Darnall,Blanking,dblankingq4@netvibes.com,Agender,89.223.93.224,Job,Yuman
942,Avery,Basso,abassoq5@deviantart.com,Female,83.169.45.187,Mat Lam Tam,Pueblo
943,Isaac,Wildor,iwildorq6@mac.com,Genderqueer,249.35.58.255,Bamity,Peruvian
944,Grace,MacGuiness,gmacguinessq7@blog.com,Genderfluid,131.11.81.211,Rank,Osage
945,Rutger,Gopsill,rgopsillq8@ask.com,Genderqueer,205.145.74.254,It,Ute
946,Mose,Sherwyn,msherwynq9@va.gov,Genderqueer,84.193.172.84,,
947,Efrem,Benbow,ebenbowqa@mozilla.com,Agender,210.236.95.224,,
948,Kayle,Smoughton,ksmoughtonqb@miibeian.gov.cn,Agender,104.101.100.145,Asoka,Venezuelan
949,Stu,Gynne,sgynneqc@umich.edu,Polygender,145.89.2.130,Overhold,Costa Rican
950,Gunner,Foulds,gfouldsqd@furl.net,Female,236.3.68.58,Quo Lux,Osage
951,Channa,Guntrip,cguntripqe@ovh.net,Genderfluid,134.77.245.187,It,Delaware
952,Akim,Dunne,adunneqf@cargocollective.com,Bigender,88.98.55.223,Alpha,Tohono O'Odham
953,Rollo,Fluin,rfluinqg@goo.ne.jp,Female,34.41.209.128,Flexidy,Apache
954,Lyell,Kobel,lkobelqh@ow.ly,Genderqueer,110.45.83.226,,
955,Celinka,Raun,craunqi@cloudflare.com,Non-binary,131.57.214.29,,
956,Jon,de Clerk,jdeclerkqj@yelp.com,Genderqueer,163.172.87.125,Prodder,Bolivian
957,Lin,Alfonsetto,lalfonsettoqk@creativecommons.org,Non-binary,170.32.182.151,Namfix,Asian
958,Lawrence,Allaker,lallakerql@alexa.com,Genderqueer,26.218.187.104,Bitwolf,Honduran
959,Jenn,Jelkes,jjelkesqm@yandex.ru,Female,201.8.170.226,,
960,Astrid,Richardon,arichardonqn@hc360.com,Female,223.8.5.179,Daltfresh,Alaskan Athabascan
961,Priscella,Gennerich,pgennerichqo@salon.com,Male,73.36.71.235,,
962,George,McKune,gmckuneqp@issuu.com,Female,62.253.77.48,Job,Cherokee
963,Humfrey,Worms,hwormsqq@chron.com,Non-binary,232.153.21.98,,
964,Sonia,Couch,scouchqr@moonfruit.com,Male,0.134.251.21,,
965,Burk,Croshaw,bcroshawqs@usgs.gov,Genderqueer,10.34.182.0,Namfix,Choctaw
966,Nesta,Broxis,nbroxisqt@yahoo.co.jp,Male,116.236.124.83,Solarbreeze,Spaniard
967,Dur,Flipek,dflipekqu@yelp.com,Genderfluid,9.23.64.32,,
968,Martie,Florentine,mflorentineqv@blogtalkradio.com,Genderfluid,199.169.232.133,,
969,Michell,Petzold,mpetzoldqw@wikia.com,Genderqueer,187.101.45.59,,
970,Rosabel,Peto,rpetoqx@psu.edu,Polygender,97.49.46.63,Sonsing,Pima
971,Lisa,Segge,lseggeqy@last.fm,Agender,138.81.43.167,Greenlam,Latin American Indian
972,Meryl,Brewett,mbrewettqz@youku.com,Non-binary,126.148.12.176,Zathin,Yakama
973,Bamby,Book,bbookr0@cornell.edu,Genderfluid,18.63.227.94,Fix San,Chilean
974,Baird,Bennet,bbennetr1@cornell.edu,Genderqueer,42.10.55.13,,
975,Lynnett,Waddy,lwaddyr2@blogs.com,Polygender,193.0.57.92,Temp,Sri Lankan
976,Franchot,Errowe,ferrower3@usnews.com,Polygender,93.167.228.18,Sonair,Nicaraguan
977,Alysa,Pillinger,apillingerr4@yahoo.co.jp,Agender,121.163.102.170,Pannier,American Indian
978,Othilia,La Croce,olacrocer5@printfriendly.com,Genderqueer,157.48.225.80,,
979,Tove,Smewin,tsmewinr6@wsj.com,Non-binary,59.137.199.228,,
980,North,Milliken,nmillikenr7@sciencedaily.com,Genderqueer,93.157.33.38,Otcom,Melanesian
981,Tuesday,Bonhomme,tbonhommer8@google.fr,Bigender,67.104.228.105,Alpha,Black or African American
982,Cristie,Pratley,cpratleyr9@prweb.com,Non-binary,158.31.64.88,,
983,Kevina,Steptow,ksteptowra@networksolutions.com,Agender,88.236.231.238,Alpha,Paiute
984,Benoite,Renforth,brenforthrb@umich.edu,Genderqueer,131.146.128.232,Home Ing,Central American
985,Matthaeus,Enderlein,menderleinrc@sakura.ne.jp,Male,19.200.19.124,Hatity,Peruvian
986,Richart,Stubbington,rstubbingtonrd@umich.edu,Agender,220.41.74.165,,
987,Lacie,Pellington,lpellingtonre@yale.edu,Male,133.6.217.146,Redhold,Japanese
988,Rodolfo,Whybray,rwhybrayrf@fotki.com,Male,75.152.132.184,Vagram,Chinese
989,Francoise,Pavlishchev,fpavlishchevrg@mozilla.org,Bigender,21.21.137.99,Zathin,Sioux
990,Kelbee,Blackham,kblackhamrh@google.co.jp,Male,13.96.249.10,Subin,Chilean
991,Allister,Allgood,aallgoodri@opensource.org,Agender,81.207.166.235,Temp,Sri Lankan
992,Sanson,Wollers,swollersrj@yandex.ru,Male,185.75.182.29,Keylex,South American
993,Ruy,Gruczka,rgruczkark@com.com,Genderqueer,255.48.199.57,,
994,Sharyl,Erbe,serberl@edublogs.org,Agender,205.144.222.214,Cookley,Ute
995,Thorpe,Marriner,tmarrinerrm@youku.com,Non-binary,137.112.186.158,Voltsillam,Argentinian
996,Taite,Moralee,tmoraleern@shareasale.com,Polygender,194.162.18.231,,
997,Lorrayne,Josefsohn,ljosefsohnro@t.co,Polygender,184.92.190.114,,
998,Gabbi,Saban,gsabanrp@bigcartel.com,Genderfluid,4.56.193.175,Flowdesk,Sri Lankan
999,Cob,Aspinell,caspinellrq@myspace.com,Bigender,234.6.133.133,Flexidy,Seminole
1000,Maddy,McGeachy,mmcgeachyrr@xinhuanet.com,Female,125.3.71.235,Aerified,Navajo
